id,name,firm_type,registry_number,director,city,address,phones,email,community_id,lawyers_search_url,has_cabinets,source,source_url
customs-broker-001,"""Labservis LTD"" Məhdud Məsuliyyətli Cəmiyyəti",customs_broker,1,,,,,,,,,customs.gov.az,https://customs.gov.az/uploads/representative/7/2e69c2ce14c4bbb93388ea4a58387f2f.pdf
customs-broker-002,"""Hedef Customs Service"" Məhdud Məsuliyyətli Cəmiyyəti",customs_broker,2,,,,,,,,,customs.gov.az,https://customs.gov.az/uploads/representative/7/2e69c2ce14c4bbb93388ea4a58387f2f.pdf
customs-broker-003,"""Bakı Yük"" Məhdud Məsuliyyətli Cəmiyyəti",customs_broker,3,,,,,,,,,customs.gov.az,https://customs.gov.az/uploads/representative/7/2e69c2ce14c4bbb93388ea4a58387f2f.pdf
customs-broker-004,"""My Broker"" Məhdud Məsuliyyətli Cəmiyyəti",customs_broker,4,,,,,,,,,customs.gov.az,https://customs.gov.az/uploads/representative/7/2e69c2ce14c4bbb93388ea4a58387f2f.pdf
customs-broker-005,"""Mb Broker"" Məhdud Məsuliyyətli Cəmiyyəti",customs_broker,5,,,,,,,,,customs.gov.az,https://customs.gov.az/uploads/representative/7/2e69c2ce14c4bbb93388ea4a58387f2f.pdf
customs-broker-006,"""Karvan Logistics-R"" Məhdud Məsuliyyətli Cəmiyyəti",customs_broker,6,,,,,,,,,customs.gov.az,https://customs.gov.az/uploads/representative/7/2e69c2ce14c4bbb93388ea4a58387f2f.pdf
customs-broker-007,"""Contaker"" Məhdud Məsuliyyətli Cəmiyyəti",customs_broker,7,,,,,,,,,customs.gov.az,https://customs.gov.az/uploads/representative/7/2e69c2ce14c4bbb93388ea4a58387f2f.pdf
customs-broker-008,"""Transglobal Logistics Services"" Məhdud Məsuliyyətli Cəmiyyəti",customs_broker,8,,,,,,,,,customs.gov.az,https://customs.gov.az/uploads/representative/7/2e69c2ce14c4bbb93388ea4a58387f2f.pdf
customs-broker-009,"""Multimodal Global Logistics Limited"" Məhdud Məsuliyyətli Cəmiyyəti",customs_broker,9,,,,,,,,,customs.gov.az,https://customs.gov.az/uploads/representative/7/2e69c2ce14c4bbb93388ea4a58387f2f.pdf
customs-broker-010,"""Sr Customs Services"" Məhdud Məsuliyyətli Cəmiyyəti",customs_broker,10,,,,,,,,,customs.gov.az,https://customs.gov.az/uploads/representative/7/2e69c2ce14c4bbb93388ea4a58387f2f.pdf
customs-broker-011,"""Sr Broker"" Məhdud Məsuliyyətli Cəmiyyəti",customs_broker,11,,,,,,,,,customs.gov.az,https://customs.gov.az/uploads/representative/7/2e69c2ce14c4bbb93388ea4a58387f2f.pdf
customs-broker-012,"""Atik"" Məhdud Məsuliyyətli Cəmiyyəti",customs_broker,12,,,,,,,,,customs.gov.az,https://customs.gov.az/uploads/representative/7/2e69c2ce14c4bbb93388ea4a58387f2f.pdf
customs-broker-013,"""Everest Broker"" Məhdud Məsuliyyətli Cəmiyyəti",customs_broker,13,,,,,,,,,customs.gov.az,https://customs.gov.az/uploads/representative/7/2e69c2ce14c4bbb93388ea4a58387f2f.pdf
customs-broker-014,"""Smart Broker 001"" Məhdud Məsuliyyətli Cəmiyyəti",customs_broker,14,,,,,,,,,customs.gov.az,https://customs.gov.az/uploads/representative/7/2e69c2ce14c4bbb93388ea4a58387f2f.pdf
customs-broker-015,"""Vostoçnaya Karta Az."" Məhdud Məsuliyyətli Cəmiyyəti",customs_broker,15,,,,,,,,,customs.gov.az,https://customs.gov.az/uploads/representative/7/2e69c2ce14c4bbb93388ea4a58387f2f.pdf
customs-broker-016,"""Ruleveyv Azərbaycan Şippinq End Forvarding LTD"" Məhdud Məsuliyyətli Cəmiyyəti",customs_broker,16,,,,,,,,,customs.gov.az,https://customs.gov.az/uploads/representative/7/2e69c2ce14c4bbb93388ea4a58387f2f.pdf
customs-broker-017,"""Global Goal"" Məhdud Məsuliyyətli Cəmiyyəti",customs_broker,17,,,,,,,,,customs.gov.az,https://customs.gov.az/uploads/representative/7/2e69c2ce14c4bbb93388ea4a58387f2f.pdf
customs-broker-018,"""Azbroker"" Məhdud Məsuliyyətli Cəmiyyəti",customs_broker,18,,,,,,,,,customs.gov.az,https://customs.gov.az/uploads/representative/7/2e69c2ce14c4bbb93388ea4a58387f2f.pdf
customs-broker-019,"""Baş Broker"" Məhdud Məsuliyyətli Cəmiyyəti",customs_broker,19,,,,,,,,,customs.gov.az,https://customs.gov.az/uploads/representative/7/2e69c2ce14c4bbb93388ea4a58387f2f.pdf
customs-broker-020,"""Agl"" Məhdud Məsuliyyətli Cəmiyyəti",customs_broker,20,,,,,,,,,customs.gov.az,https://customs.gov.az/uploads/representative/7/2e69c2ce14c4bbb93388ea4a58387f2f.pdf
customs-broker-021,"""Baku Customs Service"" Məhdud Məsuliyyətli Cəmiyyəti",customs_broker,21,,,,,,,,,customs.gov.az,https://customs.gov.az/uploads/representative/7/2e69c2ce14c4bbb93388ea4a58387f2f.pdf
customs-broker-022,"""Y.G.B."" Məhdud Məsuliyyətli Cəmiyyəti",customs_broker,22,,,,,,,,,customs.gov.az,https://customs.gov.az/uploads/representative/7/2e69c2ce14c4bbb93388ea4a58387f2f.pdf
customs-broker-023,"""Express Customs Services"" Məhdud Məsuliyyətli Cəmiyyəti",customs_broker,23,,,,,,,,,customs.gov.az,https://customs.gov.az/uploads/representative/7/2e69c2ce14c4bbb93388ea4a58387f2f.pdf
customs-broker-024,"""Proqres Balans"" Məhdud Məsuliyyətli Cəmiyyəti",customs_broker,24,,,,,,,,,customs.gov.az,https://customs.gov.az/uploads/representative/7/2e69c2ce14c4bbb93388ea4a58387f2f.pdf
customs-broker-025,"""İnternational Customs Service"" Məhdud Məsuliyyətli Cəmiyyəti",customs_broker,25,,,,,,,,,customs.gov.az,https://customs.gov.az/uploads/representative/7/2e69c2ce14c4bbb93388ea4a58387f2f.pdf
customs-broker-026,"""Azerbaijan Brokerage Services"" Məhdud Məsuliyyətli Cəmiyyəti",customs_broker,26,,,,,,,,,customs.gov.az,https://customs.gov.az/uploads/representative/7/2e69c2ce14c4bbb93388ea4a58387f2f.pdf
customs-broker-027,"""Transbroker"" Məhdud Məsuliyyətli Cəmiyyəti",customs_broker,27,,,,,,,,,customs.gov.az,https://customs.gov.az/uploads/representative/7/2e69c2ce14c4bbb93388ea4a58387f2f.pdf
customs-broker-028,"""Karvan Broker"" Məhdud Məsuliyyətli Cəmiyyəti",customs_broker,28,,,,,,,,,customs.gov.az,https://customs.gov.az/uploads/representative/7/2e69c2ce14c4bbb93388ea4a58387f2f.pdf
customs-broker-029,"""Delta-SP"" Məhdud Məsuliyyətli Cəmiyyəti",customs_broker,29,,,,,,,,,customs.gov.az,https://customs.gov.az/uploads/representative/7/2e69c2ce14c4bbb93388ea4a58387f2f.pdf
customs-broker-030,"""Terminal-C"" Məhdud Məsuliyyətli Cəmiyyəti",customs_broker,30,,,,,,,,,customs.gov.az,https://customs.gov.az/uploads/representative/7/2e69c2ce14c4bbb93388ea4a58387f2f.pdf
customs-broker-031,"""Ard Logistics"" Məhdud Məsuliyyətli Cəmiyyəti",customs_broker,31,,,,,,,,,customs.gov.az,https://customs.gov.az/uploads/representative/7/2e69c2ce14c4bbb93388ea4a58387f2f.pdf
customs-broker-032,"""Eon Audit"" Məhdud Məsuliyyətli Cəmiyyəti",customs_broker,32,,,,,,,,,customs.gov.az,https://customs.gov.az/uploads/representative/7/2e69c2ce14c4bbb93388ea4a58387f2f.pdf
customs-broker-033,"""Baku Customs Vvorks"" Məhdud Məsuliyyətli Cəmiyyəti",customs_broker,33,,,,,,,,,customs.gov.az,https://customs.gov.az/uploads/representative/7/2e69c2ce14c4bbb93388ea4a58387f2f.pdf
customs-broker-034,"""Star Broker"" Məhdud Məsuliyyətli Cəmiyyəti",customs_broker,34,,,,,,,,,customs.gov.az,https://customs.gov.az/uploads/representative/7/2e69c2ce14c4bbb93388ea4a58387f2f.pdf
customs-broker-035,"""Cahan Broker "" Məhdud Məsuliyyətli Cəmiyyəti",customs_broker,35,,,,,,,,,customs.gov.az,https://customs.gov.az/uploads/representative/7/2e69c2ce14c4bbb93388ea4a58387f2f.pdf
customs-broker-036,"""Nort Vest Locistiks"" Məhdud Məsuliyyətli Cəmiyyəti",customs_broker,36,,,,,,,,,customs.gov.az,https://customs.gov.az/uploads/representative/7/2e69c2ce14c4bbb93388ea4a58387f2f.pdf
customs-broker-037,"Aysl Of Man ""Dialog Freight Limited"" Şirkətiniin Azərbaycan Respublikasında filialı",customs_broker,37,,,,,,,,,customs.gov.az,https://customs.gov.az/uploads/representative/7/2e69c2ce14c4bbb93388ea4a58387f2f.pdf
customs-broker-038,"""Generation Broker"" Məhdud Məsuliyyətli Cəmiyyəti",customs_broker,38,,,,,,,,,customs.gov.az,https://customs.gov.az/uploads/representative/7/2e69c2ce14c4bbb93388ea4a58387f2f.pdf
customs-broker-039,"""Vip Broker"" Məhdud Məsuliyyətli Cəmiyyəti",customs_broker,39,,,,,,,,,customs.gov.az,https://customs.gov.az/uploads/representative/7/2e69c2ce14c4bbb93388ea4a58387f2f.pdf
customs-broker-040,"""Vings Logistics"" Məhdud Məsuliyyəti Cəmiyyəti",customs_broker,40,,,,,,,,,customs.gov.az,https://customs.gov.az/uploads/representative/7/2e69c2ce14c4bbb93388ea4a58387f2f.pdf
customs-broker-041,"""Uni Broker"" Məhdud Məsuliyyətli Cəmiyyəti",customs_broker,41,,,,,,,,,customs.gov.az,https://customs.gov.az/uploads/representative/7/2e69c2ce14c4bbb93388ea4a58387f2f.pdf
customs-broker-042,"""Mavri"" Məhdud Məsuliyyətli Cəmiyyəti",customs_broker,42,,,,,,,,,customs.gov.az,https://customs.gov.az/uploads/representative/7/2e69c2ce14c4bbb93388ea4a58387f2f.pdf
customs-broker-043,"""Sinteks"" Məhdud Məsuliyyətli Cəmiyyəti",customs_broker,43,,,,,,,,,customs.gov.az,https://customs.gov.az/uploads/representative/7/2e69c2ce14c4bbb93388ea4a58387f2f.pdf
customs-broker-044,"""Qafqaz Broker"" Məhdud Məsuliyyətli Cəmiyyəti",customs_broker,44,,,,,,,,,customs.gov.az,https://customs.gov.az/uploads/representative/7/2e69c2ce14c4bbb93388ea4a58387f2f.pdf
customs-broker-045,"""Erkam"" Məhdud Məsuliyyətli Cəmiyyəti",customs_broker,45,,,,,,,,,customs.gov.az,https://customs.gov.az/uploads/representative/7/2e69c2ce14c4bbb93388ea4a58387f2f.pdf
customs-broker-046,"""Stock Broker"" Məhdud Məsuliyyətli Cəmiyyəti",customs_broker,46,,,,,,,,,customs.gov.az,https://customs.gov.az/uploads/representative/7/2e69c2ce14c4bbb93388ea4a58387f2f.pdf
customs-broker-047,"""Pad Group"" Məhdud Məsuliyyətli Cəmiyyəti",customs_broker,47,,,,,,,,,customs.gov.az,https://customs.gov.az/uploads/representative/7/2e69c2ce14c4bbb93388ea4a58387f2f.pdf
customs-broker-048,"""Helper Group"" Məhdud Məsuliyyətli Cəmiyyəti",customs_broker,48,,,,,,,,,customs.gov.az,https://customs.gov.az/uploads/representative/7/2e69c2ce14c4bbb93388ea4a58387f2f.pdf
customs-broker-049,"""Proff Logistics"" Məhdud Məsuliyyətli Cəmiyyəti",customs_broker,49,,,,,,,,,customs.gov.az,https://customs.gov.az/uploads/representative/7/2e69c2ce14c4bbb93388ea4a58387f2f.pdf
customs-broker-050,"""First Broker Service"" Məhdud Məsuliyyətli Cəmiyyəti",customs_broker,50,,,,,,,,,customs.gov.az,https://customs.gov.az/uploads/representative/7/2e69c2ce14c4bbb93388ea4a58387f2f.pdf
customs-broker-051,"""Garant Broker"" Məhdud Məsuliyyətli Cəmiyyəti",customs_broker,51,,,,,,,,,customs.gov.az,https://customs.gov.az/uploads/representative/7/2e69c2ce14c4bbb93388ea4a58387f2f.pdf
customs-broker-052,"Azərbaycan Respublikası Dövlət Gömrük Komitəsinin ""Azərterminalkompleks"" Birliyi",customs_broker,52,,,,,,,,,customs.gov.az,https://customs.gov.az/uploads/representative/7/2e69c2ce14c4bbb93388ea4a58387f2f.pdf
customs-broker-053,"""Ace Forvarding"" Məhdud Məsuliyyətli Cəmiyyəti",customs_broker,53,,,,,,,,,customs.gov.az,https://customs.gov.az/uploads/representative/7/2e69c2ce14c4bbb93388ea4a58387f2f.pdf
customs-broker-054,"""Customs Broker Services"" Məhdud Məsuliyyətli Cəmiyyəti",customs_broker,54,,,,,,,,,customs.gov.az,https://customs.gov.az/uploads/representative/7/2e69c2ce14c4bbb93388ea4a58387f2f.pdf
customs-broker-055,"""Micro Group"" Məhdud Məsuliyyətli Cəmiyyəti",customs_broker,55,,,,,,,,,customs.gov.az,https://customs.gov.az/uploads/representative/7/2e69c2ce14c4bbb93388ea4a58387f2f.pdf
customs-broker-056,"""Almet Trading"" Məhdud Məsuliyyətli Cəmiyyəti",customs_broker,56,,,,,,,,,customs.gov.az,https://customs.gov.az/uploads/representative/7/2e69c2ce14c4bbb93388ea4a58387f2f.pdf
customs-broker-057,"""Salam Logistics and Customs Services"" Məhdud Məsuliyyətli Cəmiyyəti",customs_broker,57,,,,,,,,,customs.gov.az,https://customs.gov.az/uploads/representative/7/2e69c2ce14c4bbb93388ea4a58387f2f.pdf
customs-broker-058,"""Customs Services"" Məhdud Məsuliyyətli Cəmiyyəti",customs_broker,58,,,,,,,,,customs.gov.az,https://customs.gov.az/uploads/representative/7/2e69c2ce14c4bbb93388ea4a58387f2f.pdf
customs-broker-059,"""Elios Logistics"" Məhdud Məsuliyyətli Cəmiyyəti",customs_broker,59,,,,,,,,,customs.gov.az,https://customs.gov.az/uploads/representative/7/2e69c2ce14c4bbb93388ea4a58387f2f.pdf
customs-broker-060,"""Berc Group"" Məhdud Məsuliyyətli Cəmiyyəti",customs_broker,60,,,,,,,,,customs.gov.az,https://customs.gov.az/uploads/representative/7/2e69c2ce14c4bbb93388ea4a58387f2f.pdf
customs-broker-061,"""Agalar Group"" Məhdud Məsuliyyətli Cəmiyyəti",customs_broker,61,,,,,,,,,customs.gov.az,https://customs.gov.az/uploads/representative/7/2e69c2ce14c4bbb93388ea4a58387f2f.pdf
customs-broker-062,"""M.M. Logistics and Shipping"" Məhdud Məsuliyyətli Cəmiyyəti",customs_broker,62,,,,,,,,,customs.gov.az,https://customs.gov.az/uploads/representative/7/2e69c2ce14c4bbb93388ea4a58387f2f.pdf
customs-broker-063,"""İmpex Port"" Məhdud Məsuliyyətli Cəmiyyəti",customs_broker,63,,,,,,,,,customs.gov.az,https://customs.gov.az/uploads/representative/7/2e69c2ce14c4bbb93388ea4a58387f2f.pdf
customs-broker-064,"""Mobil Broker"" Məhdud Məsuliyyətli Cəmiyyəti",customs_broker,64,,,,,,,,,customs.gov.az,https://customs.gov.az/uploads/representative/7/2e69c2ce14c4bbb93388ea4a58387f2f.pdf
customs-broker-065,"""Hasan Broker"" Məhdud Məsuliyyətli Cəmiyyəti",customs_broker,65,,,,,,,,,customs.gov.az,https://customs.gov.az/uploads/representative/7/2e69c2ce14c4bbb93388ea4a58387f2f.pdf
customs-broker-066,"""Aqro-Vest DC"" Məhdud Məsuliyyətli Cəmiyyəti",customs_broker,66,,,,,,,,,customs.gov.az,https://customs.gov.az/uploads/representative/7/2e69c2ce14c4bbb93388ea4a58387f2f.pdf
customs-broker-067,"""Sr Group Company"" Məhdud Məsuliyyətli Cəmiyyəti",customs_broker,67,,,,,,,,,customs.gov.az,https://customs.gov.az/uploads/representative/7/2e69c2ce14c4bbb93388ea4a58387f2f.pdf
customs-broker-068,"""Mbm Group"" Məhdud Məsuliyyətli Cəmiyyəti",customs_broker,68,,,,,,,,,customs.gov.az,https://customs.gov.az/uploads/representative/7/2e69c2ce14c4bbb93388ea4a58387f2f.pdf
customs-broker-069,"""İnteractive Brokers"" Məhdud Məsuliyyətli Cəmiyyəti",customs_broker,69,,,,,,,,,customs.gov.az,https://customs.gov.az/uploads/representative/7/2e69c2ce14c4bbb93388ea4a58387f2f.pdf
customs-broker-070,"""Berc Logistics"" Məhdud Məsuliyyətli Cəmiyyəti",customs_broker,70,,,,,,,,,customs.gov.az,https://customs.gov.az/uploads/representative/7/2e69c2ce14c4bbb93388ea4a58387f2f.pdf
customs-broker-071,"""East Broker"" Məhdud Məsuliyyətli Cəmiyyəti",customs_broker,71,,,,,,,,,customs.gov.az,https://customs.gov.az/uploads/representative/7/2e69c2ce14c4bbb93388ea4a58387f2f.pdf
customs-broker-072,"""Az İnternational Commercial and Customs Services"" Məhdud Məsuliyyətli Cəmiyyəti",customs_broker,72,,,,,,,,,customs.gov.az,https://customs.gov.az/uploads/representative/7/2e69c2ce14c4bbb93388ea4a58387f2f.pdf
customs-broker-073,"""Cj Icm Fzco"" şirkətinin Azərbaycan Respublikasındakı filialı",customs_broker,73,,,,,,,,,customs.gov.az,https://customs.gov.az/uploads/representative/7/2e69c2ce14c4bbb93388ea4a58387f2f.pdf
customs-broker-074,"""Meridian Broker"" Məhdud Məsuliyyətli Cəmiyyəti",customs_broker,74,,,,,,,,,customs.gov.az,https://customs.gov.az/uploads/representative/7/2e69c2ce14c4bbb93388ea4a58387f2f.pdf
customs-broker-075,"""Murphy Shipping and Commercial Services"" Məhdud Məsuliyyətli Cəmiyyəti",customs_broker,75,,,,,,,,,customs.gov.az,https://customs.gov.az/uploads/representative/7/2e69c2ce14c4bbb93388ea4a58387f2f.pdf
customs-broker-076,"""Grand Broker"" Məhdud Məsuliyyətli Cəmiyyəti",customs_broker,76,,,,,,,,,customs.gov.az,https://customs.gov.az/uploads/representative/7/2e69c2ce14c4bbb93388ea4a58387f2f.pdf
customs-broker-077,"""Rm Broker"" Məhdud Məsuliyyətli Cəmiyyəti",customs_broker,77,,,,,,,,,customs.gov.az,https://customs.gov.az/uploads/representative/7/2e69c2ce14c4bbb93388ea4a58387f2f.pdf
customs-broker-078,"""İntransco "" Məhdud Məsuliyyətli Cəmiyyəti",customs_broker,78,,,,,,,,,customs.gov.az,https://customs.gov.az/uploads/representative/7/2e69c2ce14c4bbb93388ea4a58387f2f.pdf
customs-broker-079,"""Avtolüks Azərbaycan"" Məhdud Məsuliyyətli Cəmiyyəti",customs_broker,79,,,,,,,,,customs.gov.az,https://customs.gov.az/uploads/representative/7/2e69c2ce14c4bbb93388ea4a58387f2f.pdf
customs-broker-080,"""Broker-İn"" Məhdud Məsuliyyətli Cəmiyyəti",customs_broker,80,,,,,,,,,customs.gov.az,https://customs.gov.az/uploads/representative/7/2e69c2ce14c4bbb93388ea4a58387f2f.pdf
customs-broker-081,"""Əli və Nino Yayım"" Məhdud Məsuliyyətli Cəmiyyəti",customs_broker,81,,,,,,,,,customs.gov.az,https://customs.gov.az/uploads/representative/7/2e69c2ce14c4bbb93388ea4a58387f2f.pdf
customs-broker-082,"""Retems Logistiks"" Məhdud Məsuliyyətli Cəmiyyəti",customs_broker,82,,,,,,,,,customs.gov.az,https://customs.gov.az/uploads/representative/7/2e69c2ce14c4bbb93388ea4a58387f2f.pdf
customs-broker-083,"""Navis Project"" Məhdud Məsuliyyətli Cəmiyyəti",customs_broker,83,,,,,,,,,customs.gov.az,https://customs.gov.az/uploads/representative/7/2e69c2ce14c4bbb93388ea4a58387f2f.pdf
customs-broker-084,"""Helper Shipping and Commercial Services"" Məhdud Məsuliyyətli Cəmiyyəti",customs_broker,84,,,,,,,,,customs.gov.az,https://customs.gov.az/uploads/representative/7/2e69c2ce14c4bbb93388ea4a58387f2f.pdf
customs-broker-085,"""Xan Broker"" Məhdud Məsuliyyətli Cəmiyyəti",customs_broker,85,,,,,,,,,customs.gov.az,https://customs.gov.az/uploads/representative/7/2e69c2ce14c4bbb93388ea4a58387f2f.pdf
customs-broker-086,"""Arriver"" Məhdud Məsuliyyətli Cəmiyyəti",customs_broker,86,,,,,,,,,customs.gov.az,https://customs.gov.az/uploads/representative/7/2e69c2ce14c4bbb93388ea4a58387f2f.pdf
customs-broker-087,"""Fortis Broker"" Məhdud Məsuliyyətli Cəmiyyəti",customs_broker,87,,,,,,,,,customs.gov.az,https://customs.gov.az/uploads/representative/7/2e69c2ce14c4bbb93388ea4a58387f2f.pdf
customs-broker-088,"""Caspian AS"" Məhdud Məsuliyyətli Cəmiyyəti",customs_broker,88,,,,,,,,,customs.gov.az,https://customs.gov.az/uploads/representative/7/2e69c2ce14c4bbb93388ea4a58387f2f.pdf
customs-broker-089,"""Nəzrin-2020"" Məhdud Məsuliyyətli Cəmiyyəti",customs_broker,89,,,,,,,,,customs.gov.az,https://customs.gov.az/uploads/representative/7/2e69c2ce14c4bbb93388ea4a58387f2f.pdf
customs-broker-090,"""Ekovays Locistiks Azərbaycan"" Məhdud Məsuliyyətli Cəmiyyəti",customs_broker,90,,,,,,,,,customs.gov.az,https://customs.gov.az/uploads/representative/7/2e69c2ce14c4bbb93388ea4a58387f2f.pdf
customs-broker-091,"""Baku Electronics"" Məhdud Məsuliyyətli Cəmiyyəti",customs_broker,91,,,,,,,,,customs.gov.az,https://customs.gov.az/uploads/representative/7/2e69c2ce14c4bbb93388ea4a58387f2f.pdf
customs-broker-092,"""Complex Broker"" Məhdud Məsuliyyətli Cəmiyyəti",customs_broker,92,,,,,,,,,customs.gov.az,https://customs.gov.az/uploads/representative/7/2e69c2ce14c4bbb93388ea4a58387f2f.pdf
customs-broker-093,"""Globroker"" Məhdud Məsuliyyətli Cəmiyyəti",customs_broker,93,,,,,,,,,customs.gov.az,https://customs.gov.az/uploads/representative/7/2e69c2ce14c4bbb93388ea4a58387f2f.pdf
customs-broker-094,"""Air Cargo"" Məhdud Məsuliyyətli Cəmiyyəti",customs_broker,94,,,,,,,,,customs.gov.az,https://customs.gov.az/uploads/representative/7/2e69c2ce14c4bbb93388ea4a58387f2f.pdf
customs-broker-095,"""Orbita-PE"" Məhdud Məsuliyyətli Cəmiyyəti",customs_broker,95,,,,,,,,,customs.gov.az,https://customs.gov.az/uploads/representative/7/2e69c2ce14c4bbb93388ea4a58387f2f.pdf
customs-broker-096,"""Great Broker"" Məhdud Məsuliyyətli Cəmiyyəti",customs_broker,96,,,,,,,,,customs.gov.az,https://customs.gov.az/uploads/representative/7/2e69c2ce14c4bbb93388ea4a58387f2f.pdf
customs-broker-097,"""Sumbroker"" Məhdud Məsuliyyətli Cəmiyyəti",customs_broker,97,,,,,,,,,customs.gov.az,https://customs.gov.az/uploads/representative/7/2e69c2ce14c4bbb93388ea4a58387f2f.pdf
customs-broker-098,"""Rahat Broker"" Məhdud Məsuliyyətli Cəmiyyəti",customs_broker,98,,,,,,,,,customs.gov.az,https://customs.gov.az/uploads/representative/7/2e69c2ce14c4bbb93388ea4a58387f2f.pdf
customs-broker-099,"""Gbl Group"" Məhdud Məsuliyyətli Cəmiyyəti",customs_broker,99,,,,,,,,,customs.gov.az,https://customs.gov.az/uploads/representative/7/2e69c2ce14c4bbb93388ea4a58387f2f.pdf
customs-broker-100,"""Vuçes"" Məhdud Məsuliyyətli Cəmiyyəti",customs_broker,100,,,,,,,,,customs.gov.az,https://customs.gov.az/uploads/representative/7/2e69c2ce14c4bbb93388ea4a58387f2f.pdf
customs-broker-101,"""Azerbaijan United Carriers"" Qapalı Səhmdar Cəmiyyəti",customs_broker,101,,,,,,,,,customs.gov.az,https://customs.gov.az/uploads/representative/7/2e69c2ce14c4bbb93388ea4a58387f2f.pdf
customs-broker-102,"""Güvən Customs Service"" Məhdud Məsuliyyətli Cəmiyyəti",customs_broker,102,,,,,,,,,customs.gov.az,https://customs.gov.az/uploads/representative/7/2e69c2ce14c4bbb93388ea4a58387f2f.pdf
customs-broker-103,"""Blendors Broker"" Məhdud Məsuliyyətli Cəmiyyəti",customs_broker,103,,,,,,,,,customs.gov.az,https://customs.gov.az/uploads/representative/7/2e69c2ce14c4bbb93388ea4a58387f2f.pdf
customs-broker-104,"""Uniex"" Məhdud Məsuliyyətli Cəmiyyəti",customs_broker,104,,,,,,,,,customs.gov.az,https://customs.gov.az/uploads/representative/7/2e69c2ce14c4bbb93388ea4a58387f2f.pdf
customs-broker-105,"""Vvorld Customs Service"" Məhdud Məsuliyyətli Cəmiyyəti",customs_broker,105,,,,,,,,,customs.gov.az,https://customs.gov.az/uploads/representative/7/2e69c2ce14c4bbb93388ea4a58387f2f.pdf
customs-broker-106,"""Xazartrans"" Məhdud Məsuliyyətli Cəmiyyəti",customs_broker,106,,,,,,,,,customs.gov.az,https://customs.gov.az/uploads/representative/7/2e69c2ce14c4bbb93388ea4a58387f2f.pdf
customs-broker-107,"""Fr Logistics and Custom Service"" Məhdud Məsuliyyətli Cəmiyyəti",customs_broker,107,,,,,,,,,customs.gov.az,https://customs.gov.az/uploads/representative/7/2e69c2ce14c4bbb93388ea4a58387f2f.pdf
customs-broker-108,"""Green Logistics-2020"" Məhdud Məsuliyyətli Cəmiyyəti",customs_broker,108,,,,,,,,,customs.gov.az,https://customs.gov.az/uploads/representative/7/2e69c2ce14c4bbb93388ea4a58387f2f.pdf
customs-broker-109,"""Total Express Logistics and Broker Services"" Məhdud Məsuliyyətli Cəmiyyəti",customs_broker,109,,,,,,,,,customs.gov.az,https://customs.gov.az/uploads/representative/7/2e69c2ce14c4bbb93388ea4a58387f2f.pdf
customs-broker-110,"""Mbm Logistika"" Məhdud Məsuliyyətli Cəmiyyəti",customs_broker,110,,,,,,,,,customs.gov.az,https://customs.gov.az/uploads/representative/7/2e69c2ce14c4bbb93388ea4a58387f2f.pdf
customs-broker-111,"""Sharg Logistics"" Məhdud Məsuliyyətli Cəmiyyəti",customs_broker,111,,,,,,,,,customs.gov.az,https://customs.gov.az/uploads/representative/7/2e69c2ce14c4bbb93388ea4a58387f2f.pdf
customs-broker-112,"""Real Logistics and Customs Services"" Məhdud Məsuliyyətli Cəmiyyəti",customs_broker,112,,,,,,,,,customs.gov.az,https://customs.gov.az/uploads/representative/7/2e69c2ce14c4bbb93388ea4a58387f2f.pdf
customs-broker-113,"""Best Logistics and Customer Service"" Məhdud Məsuliyyətli Cəmiyyəti",customs_broker,113,,,,,,,,,customs.gov.az,https://customs.gov.az/uploads/representative/7/2e69c2ce14c4bbb93388ea4a58387f2f.pdf
customs-broker-114,"""Stellar Business Solutions"" Məhdud Məsuliyyətli Cəmiyyəti",customs_broker,114,,,,,,,,,customs.gov.az,https://customs.gov.az/uploads/representative/7/2e69c2ce14c4bbb93388ea4a58387f2f.pdf
customs-broker-115,"""Global Logistic Services"" Məhdud Məsuliyyətli Cəmiyyəti",customs_broker,115,,,,,,,,,customs.gov.az,https://customs.gov.az/uploads/representative/7/2e69c2ce14c4bbb93388ea4a58387f2f.pdf
customs-broker-116,"""H.V.Broker"" Məhdud Məsuliyyətli Cəmiyyəti",customs_broker,116,,,,,,,,,customs.gov.az,https://customs.gov.az/uploads/representative/7/2e69c2ce14c4bbb93388ea4a58387f2f.pdf
customs-broker-117,"""Nb-Broker"" Məhdud Məsuliyyətli Cəmiyyəti",customs_broker,117,,,,,,,,,customs.gov.az,https://customs.gov.az/uploads/representative/7/2e69c2ce14c4bbb93388ea4a58387f2f.pdf
customs-broker-118,"""İso Broker"" Məhdud Məsuliyyətli Cəmiyyəti",customs_broker,118,,,,,,,,,customs.gov.az,https://customs.gov.az/uploads/representative/7/2e69c2ce14c4bbb93388ea4a58387f2f.pdf
customs-broker-119,"""Grand Logistics Center"" Məhdud Məsuliyyətli Cəmiyyəti",customs_broker,119,,,,,,,,,customs.gov.az,https://customs.gov.az/uploads/representative/7/2e69c2ce14c4bbb93388ea4a58387f2f.pdf
customs-broker-120,"""Allo Broker"" Məhdud Məsuliyyətli Cəmiyyəti",customs_broker,120,,,,,,,,,customs.gov.az,https://customs.gov.az/uploads/representative/7/2e69c2ce14c4bbb93388ea4a58387f2f.pdf
customs-broker-121,"""Netto Broker"" Məhdud Məsuliyyətli Cəmiyyəti",customs_broker,121,,,,,,,,,customs.gov.az,https://customs.gov.az/uploads/representative/7/2e69c2ce14c4bbb93388ea4a58387f2f.pdf
customs-broker-122,"""Gold Broker"" Məhdud Məsuliyyətli Cəmiyyəti",customs_broker,122,,,,,,,,,customs.gov.az,https://customs.gov.az/uploads/representative/7/2e69c2ce14c4bbb93388ea4a58387f2f.pdf
customs-broker-123,"""Rvarud Broker"" Məhdud Məsuliyyətli Cəmiyyəti",customs_broker,123,,,,,,,,,customs.gov.az,https://customs.gov.az/uploads/representative/7/2e69c2ce14c4bbb93388ea4a58387f2f.pdf
customs-broker-124,"""Gbl Brokerage"" Məhdud Məsuliyyətli Cəmiyyəti",customs_broker,124,,,,,,,,,customs.gov.az,https://customs.gov.az/uploads/representative/7/2e69c2ce14c4bbb93388ea4a58387f2f.pdf
customs-broker-125,"""Trade"" Məhdud Məsuliyyətli Cəmiyyəti",customs_broker,125,,,,,,,,,customs.gov.az,https://customs.gov.az/uploads/representative/7/2e69c2ce14c4bbb93388ea4a58387f2f.pdf
customs-broker-126,"""Green Broker"" Məhdud Məsuliyyətli Cəmiyyəti",customs_broker,126,,,,,,,,,customs.gov.az,https://customs.gov.az/uploads/representative/7/2e69c2ce14c4bbb93388ea4a58387f2f.pdf
customs-broker-127,"""Nəzrin-2021"" Məhdud Məsuliyyətli Cəmiyyəti",customs_broker,127,,,,,,,,,customs.gov.az,https://customs.gov.az/uploads/representative/7/2e69c2ce14c4bbb93388ea4a58387f2f.pdf
customs-broker-128,"""Stp Alüminium"" Məhdud Məsuliyyətli Cəmiyyət",customs_broker,128,,,,,,,,,customs.gov.az,https://customs.gov.az/uploads/representative/7/2e69c2ce14c4bbb93388ea4a58387f2f.pdf
customs-broker-129,"""Nb-Trans"" Məhdud Məsuliyyətli Cəmiyyəti",customs_broker,129,,,,,,,,,customs.gov.az,https://customs.gov.az/uploads/representative/7/2e69c2ce14c4bbb93388ea4a58387f2f.pdf
customs-broker-130,"""Azfingroup"" Məhdud Məsuliyyətli Cəmiyyəti",customs_broker,130,,,,,,,,,customs.gov.az,https://customs.gov.az/uploads/representative/7/2e69c2ce14c4bbb93388ea4a58387f2f.pdf
customs-broker-131,"""İdeal Broker"" Məhdud Məsuliyyətli Cəmiyyəti",customs_broker,131,,,,,,,,,customs.gov.az,https://customs.gov.az/uploads/representative/7/2e69c2ce14c4bbb93388ea4a58387f2f.pdf
customs-broker-132,"""Mars Customs Service"" Məhdud Məsuliyyətli Cəmiyyəti",customs_broker,132,,,,,,,,,customs.gov.az,https://customs.gov.az/uploads/representative/7/2e69c2ce14c4bbb93388ea4a58387f2f.pdf
customs-broker-133,"""Buta Customs Service"" Məhdud Məsuliyyətli Cəmiyyəti",customs_broker,133,,,,,,,,,customs.gov.az,https://customs.gov.az/uploads/representative/7/2e69c2ce14c4bbb93388ea4a58387f2f.pdf
customs-broker-134,"""Old Broker Baku"" Məhdud Məsuliyyətli Cəmiyyəti",customs_broker,134,,,,,,,,,customs.gov.az,https://customs.gov.az/uploads/representative/7/2e69c2ce14c4bbb93388ea4a58387f2f.pdf
customs-broker-135,"""Next Broker"" Məhdud Məsuliyyətli Cəmiyyəti",customs_broker,135,,,,,,,,,customs.gov.az,https://customs.gov.az/uploads/representative/7/2e69c2ce14c4bbb93388ea4a58387f2f.pdf
customs-broker-136,"""Local Broker"" Məhdud Məsuliyyətli Cəmiyyəti",customs_broker,136,,,,,,,,,customs.gov.az,https://customs.gov.az/uploads/representative/7/2e69c2ce14c4bbb93388ea4a58387f2f.pdf
customs-broker-137,"""Af Broker"" Məhdud Məsuliyyətli Cəmiyyəti",customs_broker,137,,,,,,,,,customs.gov.az,https://customs.gov.az/uploads/representative/7/2e69c2ce14c4bbb93388ea4a58387f2f.pdf
customs-broker-138,"""Pl Logistics"" Məhdud Məsuliyyətli Cəmiyyəti",customs_broker,138,,,,,,,,,customs.gov.az,https://customs.gov.az/uploads/representative/7/2e69c2ce14c4bbb93388ea4a58387f2f.pdf
customs-broker-139,"""Exbir Broker"" Məhdud Məsuliyyətli Cəmiyyəti",customs_broker,139,,,,,,,,,customs.gov.az,https://customs.gov.az/uploads/representative/7/2e69c2ce14c4bbb93388ea4a58387f2f.pdf
customs-broker-140,"""Caspi Broker"" Məhdud Məsuliyyətli Cəmiyyəti",customs_broker,140,,,,,,,,,customs.gov.az,https://customs.gov.az/uploads/representative/7/2e69c2ce14c4bbb93388ea4a58387f2f.pdf
customs-broker-141,"""Go Broker"" Məhdud Məsuliyyətli Cəmiyyəti",customs_broker,141,,,,,,,,,customs.gov.az,https://customs.gov.az/uploads/representative/7/2e69c2ce14c4bbb93388ea4a58387f2f.pdf
customs-broker-142,"""Blm"" Məhdud Məsuliyyətli Cəmiyyəti",customs_broker,142,,,,,,,,,customs.gov.az,https://customs.gov.az/uploads/representative/7/2e69c2ce14c4bbb93388ea4a58387f2f.pdf
customs-broker-143,"""Caucasus Customs and Logistics"" Məhdud Məsuliyyətli Cəmiyyəti",customs_broker,143,,,,,,,,,customs.gov.az,https://customs.gov.az/uploads/representative/7/2e69c2ce14c4bbb93388ea4a58387f2f.pdf
customs-broker-144,"""Baku Premium Group"" Məhdud Məsuliyyətli Cəmiyyəti",customs_broker,144,,,,,,,,,customs.gov.az,https://customs.gov.az/uploads/representative/7/2e69c2ce14c4bbb93388ea4a58387f2f.pdf
customs-broker-145,"""Venera-2021"" Məhdud Məsuliyyətli Cəmiyyəti",customs_broker,145,,,,,,,,,customs.gov.az,https://customs.gov.az/uploads/representative/7/2e69c2ce14c4bbb93388ea4a58387f2f.pdf
customs-broker-146,"""Premier Broker"" Məhdud Məsuliyyətli Cəmiyyəti",customs_broker,146,,,,,,,,,customs.gov.az,https://customs.gov.az/uploads/representative/7/2e69c2ce14c4bbb93388ea4a58387f2f.pdf
customs-broker-147,"""Ns Customs Services"" Məhdud Məsuliyyətli Cəmiyyəti",customs_broker,147,,,,,,,,,customs.gov.az,https://customs.gov.az/uploads/representative/7/2e69c2ce14c4bbb93388ea4a58387f2f.pdf
customs-broker-148,"""Customs Office"" Məhdud Məsuliyyətli Cəmiyyəti",customs_broker,148,,,,,,,,,customs.gov.az,https://customs.gov.az/uploads/representative/7/2e69c2ce14c4bbb93388ea4a58387f2f.pdf
customs-broker-149,"""Express Broker and Logistics"" Məhdud Məsuliyyətli Cəmiyyəti",customs_broker,149,,,,,,,,,customs.gov.az,https://customs.gov.az/uploads/representative/7/2e69c2ce14c4bbb93388ea4a58387f2f.pdf
customs-broker-150,"""Real Broker"" Məhdud Məsuliyyətli Cəmiyyəti",customs_broker,150,,,,,,,,,customs.gov.az,https://customs.gov.az/uploads/representative/7/2e69c2ce14c4bbb93388ea4a58387f2f.pdf
customs-broker-151,"""Express Freight Services"" Məhdud Məsuliyyətli Cəmiyyəti",customs_broker,151,,,,,,,,,customs.gov.az,https://customs.gov.az/uploads/representative/7/2e69c2ce14c4bbb93388ea4a58387f2f.pdf
customs-broker-152,"""Feniks Broker"" Məhdud Məsuliyyətli Cəmiyyəti",customs_broker,152,,,,,,,,,customs.gov.az,https://customs.gov.az/uploads/representative/7/2e69c2ce14c4bbb93388ea4a58387f2f.pdf
customs-broker-153,"""Pelican Service"" Məhdud Məsuliyyətli Cəmiyyəti",customs_broker,153,,,,,,,,,customs.gov.az,https://customs.gov.az/uploads/representative/7/2e69c2ce14c4bbb93388ea4a58387f2f.pdf
customs-broker-154,"""Expert Broker"" Məhdud Məsuliyyətli Cəmiyyəti",customs_broker,154,,,,,,,,,customs.gov.az,https://customs.gov.az/uploads/representative/7/2e69c2ce14c4bbb93388ea4a58387f2f.pdf
customs-broker-155,"""Premium Broker and Logistics"" Məhdud Məsuliyyətli Cəmiyyəti",customs_broker,155,,,,,,,,,customs.gov.az,https://customs.gov.az/uploads/representative/7/2e69c2ce14c4bbb93388ea4a58387f2f.pdf
customs-broker-156,"""Əl-Vahid"" Məhdud Məsuliyyətli Cəmiyyəti",customs_broker,156,,,,,,,,,customs.gov.az,https://customs.gov.az/uploads/representative/7/2e69c2ce14c4bbb93388ea4a58387f2f.pdf
customs-broker-157,"""Avto Broker"" Məhdud Məsuliyyətli Cəmiyyəti",customs_broker,157,,,,,,,,,customs.gov.az,https://customs.gov.az/uploads/representative/7/2e69c2ce14c4bbb93388ea4a58387f2f.pdf
customs-broker-158,"""Broker Group"" Məhdud Məsuliyyətli Cəmiyyəti",customs_broker,158,,,,,,,,,customs.gov.az,https://customs.gov.az/uploads/representative/7/2e69c2ce14c4bbb93388ea4a58387f2f.pdf
customs-broker-159,"""İmex-Az Group"" Məhdud Məsuliyyətli Cəmiyyəti",customs_broker,159,,,,,,,,,customs.gov.az,https://customs.gov.az/uploads/representative/7/2e69c2ce14c4bbb93388ea4a58387f2f.pdf
customs-broker-160,"""Maxilog"" Məhdud Məsuliyyətli Cəmiyyəti",customs_broker,160,,,,,,,,,customs.gov.az,https://customs.gov.az/uploads/representative/7/2e69c2ce14c4bbb93388ea4a58387f2f.pdf
customs-broker-161,"""Seguridad Solutions"" Məhdud Məsuliyyətli Cəmiyyəti",customs_broker,161,,,,,,,,,customs.gov.az,https://customs.gov.az/uploads/representative/7/2e69c2ce14c4bbb93388ea4a58387f2f.pdf
customs-broker-162,"""Platin Broker"" Məhdud Məsuliyyətli Cəmiyyəti",customs_broker,162,,,,,,,,,customs.gov.az,https://customs.gov.az/uploads/representative/7/2e69c2ce14c4bbb93388ea4a58387f2f.pdf
customs-broker-163,"""Best Customs Service"" Məhdud Məsuliyyətli Cəmiyyəti",customs_broker,163,,,,,,,,,customs.gov.az,https://customs.gov.az/uploads/representative/7/2e69c2ce14c4bbb93388ea4a58387f2f.pdf
customs-broker-164,"""Yeni Broker"" Məhdud Məsuliyyətli Cəmiyyəti",customs_broker,164,,,,,,,,,customs.gov.az,https://customs.gov.az/uploads/representative/7/2e69c2ce14c4bbb93388ea4a58387f2f.pdf
customs-broker-165,"""Mega Brokers"" Məhdud Məsuliyyətli Cəmiyyəti",customs_broker,165,,,,,,,,,customs.gov.az,https://customs.gov.az/uploads/representative/7/2e69c2ce14c4bbb93388ea4a58387f2f.pdf
customs-broker-166,"""Ksa Customs"" Məhdud Məsuliyyətli Cəmiyyəti",customs_broker,166,,,,,,,,,customs.gov.az,https://customs.gov.az/uploads/representative/7/2e69c2ce14c4bbb93388ea4a58387f2f.pdf
customs-broker-167,"""Fast Broker"" Məhdud Məsuliyyətli Cəmiyyəti",customs_broker,167,,,,,,,,,customs.gov.az,https://customs.gov.az/uploads/representative/7/2e69c2ce14c4bbb93388ea4a58387f2f.pdf
customs-broker-168,"""Sabah 2021"" Məhdud Məsuliyyətli Cəmiyyəti",customs_broker,168,,,,,,,,,customs.gov.az,https://customs.gov.az/uploads/representative/7/2e69c2ce14c4bbb93388ea4a58387f2f.pdf
customs-broker-169,"""Mr Broker"" Məhdud Məsuliyyətli Cəmiyyəti",customs_broker,169,,,,,,,,,customs.gov.az,https://customs.gov.az/uploads/representative/7/2e69c2ce14c4bbb93388ea4a58387f2f.pdf
customs-broker-170,"""Bir Broker"" Məhdud Məsuliyyətli Cəmiyyəti",customs_broker,170,,,,,,,,,customs.gov.az,https://customs.gov.az/uploads/representative/7/2e69c2ce14c4bbb93388ea4a58387f2f.pdf
customs-broker-171,"""Mobil Express"" Məhdud Məsuliyyətli Cəmiyyəti",customs_broker,171,,,,,,,,,customs.gov.az,https://customs.gov.az/uploads/representative/7/2e69c2ce14c4bbb93388ea4a58387f2f.pdf
customs-broker-172,"""Mega Customs Service"" Məhdud Məsuliyyətli Cəmiyyəti",customs_broker,172,,,,,,,,,customs.gov.az,https://customs.gov.az/uploads/representative/7/2e69c2ce14c4bbb93388ea4a58387f2f.pdf
customs-broker-173,"""Azkommers Brokers"" Məhdud Məsuliyyətli Cəmiyyəti",customs_broker,173,,,,,,,,,customs.gov.az,https://customs.gov.az/uploads/representative/7/2e69c2ce14c4bbb93388ea4a58387f2f.pdf
customs-broker-174,"""Buta Exspess"" Məhdud Məsuliyyətli Cəmiyyəti",customs_broker,174,,,,,,,,,customs.gov.az,https://customs.gov.az/uploads/representative/7/2e69c2ce14c4bbb93388ea4a58387f2f.pdf
customs-broker-175,"""İnnovativ Broker"" Məhdud Məsuliyyətli Cəmiyyəti",customs_broker,175,,,,,,,,,customs.gov.az,https://customs.gov.az/uploads/representative/7/2e69c2ce14c4bbb93388ea4a58387f2f.pdf
customs-broker-176,"""Snv Broker"" Məhdud Məsuliyyətli Cəmiyyəti",customs_broker,176,,,,,,,,,customs.gov.az,https://customs.gov.az/uploads/representative/7/2e69c2ce14c4bbb93388ea4a58387f2f.pdf
customs-broker-177,"""İls"" Məhdud Məsuliyyətli Cəmiyyəti",customs_broker,177,,,,,,,,,customs.gov.az,https://customs.gov.az/uploads/representative/7/2e69c2ce14c4bbb93388ea4a58387f2f.pdf
customs-broker-178,"""Export İmport Group"" Məhdud Məsuliyyətli Cəmiyyəti",customs_broker,178,,,,,,,,,customs.gov.az,https://customs.gov.az/uploads/representative/7/2e69c2ce14c4bbb93388ea4a58387f2f.pdf
customs-broker-179,"""İnternational Logistics and Customs Services"" Məhdud Məsuliyyətli Cəmiyyəti",customs_broker,179,,,,,,,,,customs.gov.az,https://customs.gov.az/uploads/representative/7/2e69c2ce14c4bbb93388ea4a58387f2f.pdf
customs-broker-180,"""Region Broker"" Məhdud Məsuliyyətli Cəmiyyəti",customs_broker,180,,,,,,,,,customs.gov.az,https://customs.gov.az/uploads/representative/7/2e69c2ce14c4bbb93388ea4a58387f2f.pdf
customs-broker-181,"""İn First Group"" Məhdud Məsuliyyətli Cəmiyyəti",customs_broker,181,,,,,,,,,customs.gov.az,https://customs.gov.az/uploads/representative/7/2e69c2ce14c4bbb93388ea4a58387f2f.pdf
customs-broker-182,"""Moss Broker"" Məhdud Məsuliyyətli Cəmiyyəti",customs_broker,182,,,,,,,,,customs.gov.az,https://customs.gov.az/uploads/representative/7/2e69c2ce14c4bbb93388ea4a58387f2f.pdf
customs-broker-183,"""Global Line Logistics Services Azerbaijan"" Məhdud Məsuliyyətli Cəmiyyəti",customs_broker,183,,,,,,,,,customs.gov.az,https://customs.gov.az/uploads/representative/7/2e69c2ce14c4bbb93388ea4a58387f2f.pdf
customs-broker-184,"""Padişah"" Məhdud Məsuliyyətli Cəmiyyəti",customs_broker,184,,,,,,,,,customs.gov.az,https://customs.gov.az/uploads/representative/7/2e69c2ce14c4bbb93388ea4a58387f2f.pdf
customs-broker-185,"""United Customs Logistics"" Məhdud Məsuliyyətli Cəmiyyəti",customs_broker,185,,,,,,,,,customs.gov.az,https://customs.gov.az/uploads/representative/7/2e69c2ce14c4bbb93388ea4a58387f2f.pdf
customs-broker-186,"""Caspian Brokers"" Məhdud Məsuliyyətli Cəmiyyəti",customs_broker,186,,,,,,,,,customs.gov.az,https://customs.gov.az/uploads/representative/7/2e69c2ce14c4bbb93388ea4a58387f2f.pdf
customs-broker-187,"""Regcust Consulting"" Məhdud Məsuliyyətli Cəmiyyəti",customs_broker,187,,,,,,,,,customs.gov.az,https://customs.gov.az/uploads/representative/7/2e69c2ce14c4bbb93388ea4a58387f2f.pdf
customs-broker-188,"""Fm Motors"" Məhdud Məsuliyyətli Cəmiyyəti",customs_broker,188,,,,,,,,,customs.gov.az,https://customs.gov.az/uploads/representative/7/2e69c2ce14c4bbb93388ea4a58387f2f.pdf
customs-broker-189,"""Yunusoğlu"" Məhdud Məsuliyyətli Cəmiyyəti",customs_broker,189,,,,,,,,,customs.gov.az,https://customs.gov.az/uploads/representative/7/2e69c2ce14c4bbb93388ea4a58387f2f.pdf
customs-broker-190,"""Na Global"" Məhdud Məsuliyyətli Cəmiyyəti",customs_broker,190,,,,,,,,,customs.gov.az,https://customs.gov.az/uploads/representative/7/2e69c2ce14c4bbb93388ea4a58387f2f.pdf
customs-broker-191,"""İnno Group"" Məhdud Məsuliyyətli Cəmiyyəti",customs_broker,191,,,,,,,,,customs.gov.az,https://customs.gov.az/uploads/representative/7/2e69c2ce14c4bbb93388ea4a58387f2f.pdf
customs-broker-192,"""Altromondo"" Məhdud Məsuliyyətli Cəmiyyəti",customs_broker,192,,,,,,,,,customs.gov.az,https://customs.gov.az/uploads/representative/7/2e69c2ce14c4bbb93388ea4a58387f2f.pdf
customs-broker-193,"""Snft Broker and Logistics Services"" Məhdud Məsuliyyətli Cəmiyyəti",customs_broker,193,,,,,,,,,customs.gov.az,https://customs.gov.az/uploads/representative/7/2e69c2ce14c4bbb93388ea4a58387f2f.pdf
customs-broker-194,"""Məcidoğlu Group"" Məhdud Məsuliyyətli Cəmiyyəti",customs_broker,194,,,,,,,,,customs.gov.az,https://customs.gov.az/uploads/representative/7/2e69c2ce14c4bbb93388ea4a58387f2f.pdf
customs-broker-195,"""Broker Xidmətləri"" Məhdud Məsuliyyətli Cəmiyyəti",customs_broker,195,,,,,,,,,customs.gov.az,https://customs.gov.az/uploads/representative/7/2e69c2ce14c4bbb93388ea4a58387f2f.pdf
customs-broker-196,"""Elcanbroker"" Məhdud Məsuliyyətli Cəmiyyəti",customs_broker,196,,,,,,,,,customs.gov.az,https://customs.gov.az/uploads/representative/7/2e69c2ce14c4bbb93388ea4a58387f2f.pdf
customs-broker-197,"""Cube Company"" Məhdud Məsuliyyətli Cəmiyyəti",customs_broker,197,,,,,,,,,customs.gov.az,https://customs.gov.az/uploads/representative/7/2e69c2ce14c4bbb93388ea4a58387f2f.pdf
customs-broker-198,"""Rigel Group"" Məhdud Məsuliyyətli Cəmiyyəti",customs_broker,198,,,,,,,,,customs.gov.az,https://customs.gov.az/uploads/representative/7/2e69c2ce14c4bbb93388ea4a58387f2f.pdf
customs-broker-199,"""Trade Broker"" Məhdud Məsuliyyətli Cəmiyyəti",customs_broker,199,,,,,,,,,customs.gov.az,https://customs.gov.az/uploads/representative/7/2e69c2ce14c4bbb93388ea4a58387f2f.pdf
customs-broker-200,"""Modul Logistics"" Məhdud Məsuliyyətli Cəmiyyəti",customs_broker,200,,,,,,,,,customs.gov.az,https://customs.gov.az/uploads/representative/7/2e69c2ce14c4bbb93388ea4a58387f2f.pdf
customs-broker-201,"""Mind Services"" Məhdud Məsuliyyətli Cəmiyyəti",customs_broker,201,,,,,,,,,customs.gov.az,https://customs.gov.az/uploads/representative/7/2e69c2ce14c4bbb93388ea4a58387f2f.pdf
customs-broker-202,"""Dexter"" Məhdud Məsuliyyətli Cəmiyyəti",customs_broker,202,,,,,,,,,customs.gov.az,https://customs.gov.az/uploads/representative/7/2e69c2ce14c4bbb93388ea4a58387f2f.pdf
customs-broker-203,"""Pro Customs"" Məhdud Məsuliyyətli Cəmiyyəti",customs_broker,203,,,,,,,,,customs.gov.az,https://customs.gov.az/uploads/representative/7/2e69c2ce14c4bbb93388ea4a58387f2f.pdf
customs-broker-204,"""Bring Pro"" Məhdud Məsuliyyətli Cəmiyyəti",customs_broker,204,,,,,,,,,customs.gov.az,https://customs.gov.az/uploads/representative/7/2e69c2ce14c4bbb93388ea4a58387f2f.pdf
customs-broker-205,"""Masterlog"" Məhdud Məsuliyyətli Cəmiyyəti",customs_broker,205,,,,,,,,,customs.gov.az,https://customs.gov.az/uploads/representative/7/2e69c2ce14c4bbb93388ea4a58387f2f.pdf
customs-broker-206,"""Azerbroker"" Məhdud Məsuliyyətli Cəmiyyəti",customs_broker,206,,,,,,,,,customs.gov.az,https://customs.gov.az/uploads/representative/7/2e69c2ce14c4bbb93388ea4a58387f2f.pdf
customs-broker-207,"""Multibiznes"" Məhdud Məsuliyyətli Cəmiyyəti",customs_broker,207,,,,,,,,,customs.gov.az,https://customs.gov.az/uploads/representative/7/2e69c2ce14c4bbb93388ea4a58387f2f.pdf
customs-broker-208,"""Mm Broker"" Məhdud Məsuliyyətli Cəmiyyəti",customs_broker,208,,,,,,,,,customs.gov.az,https://customs.gov.az/uploads/representative/7/2e69c2ce14c4bbb93388ea4a58387f2f.pdf
customs-broker-209,"""Kings Broker"" Məhdud Məsuliyyətli Cəmiyyəti",customs_broker,209,,,,,,,,,customs.gov.az,https://customs.gov.az/uploads/representative/7/2e69c2ce14c4bbb93388ea4a58387f2f.pdf
customs-broker-210,"""Customs Consultancy and Representation Services"" Məhdud Məsuliyyətli Cəmiyyəti",customs_broker,210,,,,,,,,,customs.gov.az,https://customs.gov.az/uploads/representative/7/2e69c2ce14c4bbb93388ea4a58387f2f.pdf
customs-broker-211,"""Dərələyəz Logistics"" Məhdud Məsuliyyətli Cəmiyyəti",customs_broker,211,,,,,,,,,customs.gov.az,https://customs.gov.az/uploads/representative/7/2e69c2ce14c4bbb93388ea4a58387f2f.pdf
customs-broker-212,"""Fast Commercial Services"" Məhdud Məsuliyyətli Cəmiyyəti",customs_broker,212,,,,,,,,,customs.gov.az,https://customs.gov.az/uploads/representative/7/2e69c2ce14c4bbb93388ea4a58387f2f.pdf
customs-broker-213,"""First İnternational Customs Service"" Məhdud Məsuliyyətli Cəmiyyəti",customs_broker,213,,,,,,,,,customs.gov.az,https://customs.gov.az/uploads/representative/7/2e69c2ce14c4bbb93388ea4a58387f2f.pdf
customs-broker-214,"""Mctac"" Məhdud Məsuliyyətli Cəmiyyəti",customs_broker,214,,,,,,,,,customs.gov.az,https://customs.gov.az/uploads/representative/7/2e69c2ce14c4bbb93388ea4a58387f2f.pdf
customs-broker-215,"""Abşeron Logistika"" Məhdud Məsuliyyətli Cəmiyyəti",customs_broker,215,,,,,,,,,customs.gov.az,https://customs.gov.az/uploads/representative/7/2e69c2ce14c4bbb93388ea4a58387f2f.pdf
customs-broker-216,"""Lv Caspian Limited"" şirkətinin Azərbaycan Respublikasındakı Filialı",customs_broker,216,,,,,,,,,customs.gov.az,https://customs.gov.az/uploads/representative/7/2e69c2ce14c4bbb93388ea4a58387f2f.pdf
customs-broker-217,"""N-Tt Group"" Məhdud Məsuliyyətli Cəmiyyəti",customs_broker,217,,,,,,,,,customs.gov.az,https://customs.gov.az/uploads/representative/7/2e69c2ce14c4bbb93388ea4a58387f2f.pdf
customs-broker-218,"""Zəngəzur Logistics"" Məhdud Məsuliyyətli Cəmiyyəti",customs_broker,218,,,,,,,,,customs.gov.az,https://customs.gov.az/uploads/representative/7/2e69c2ce14c4bbb93388ea4a58387f2f.pdf
customs-broker-219,"""Az Broker Company"" Məhdud Məsuliyyətli Cəmiyyəti",customs_broker,219,,,,,,,,,customs.gov.az,https://customs.gov.az/uploads/representative/7/2e69c2ce14c4bbb93388ea4a58387f2f.pdf
customs-broker-220,"""Global Freight Service"" Məhdud Məsuliyyətli Cəmiyyəti",customs_broker,220,,,,,,,,,customs.gov.az,https://customs.gov.az/uploads/representative/7/2e69c2ce14c4bbb93388ea4a58387f2f.pdf
customs-broker-221,"""Rich Group"" Məhdud Məsuliyyətli Cəmiyyəti",customs_broker,221,,,,,,,,,customs.gov.az,https://customs.gov.az/uploads/representative/7/2e69c2ce14c4bbb93388ea4a58387f2f.pdf
customs-broker-222,"""Lider Customs and Logistic Services"" Məhdud Məsuliyyətli Cəmiyyəti",customs_broker,222,,,,,,,,,customs.gov.az,https://customs.gov.az/uploads/representative/7/2e69c2ce14c4bbb93388ea4a58387f2f.pdf
customs-broker-223,"""Cll"" Məhdud Məsuliyyətli Cəmiyyəti",customs_broker,223,,,,,,,,,customs.gov.az,https://customs.gov.az/uploads/representative/7/2e69c2ce14c4bbb93388ea4a58387f2f.pdf
customs-broker-224,"""Smart Custom Company"" Məhdud Məsuliyyətli Cəmiyyəti",customs_broker,224,,,,,,,,,customs.gov.az,https://customs.gov.az/uploads/representative/7/2e69c2ce14c4bbb93388ea4a58387f2f.pdf
customs-broker-225,"""Nero Broker"" Məhdud Məsuliyyətli Cəmiyyəti",customs_broker,225,,,,,,,,,customs.gov.az,https://customs.gov.az/uploads/representative/7/2e69c2ce14c4bbb93388ea4a58387f2f.pdf
customs-broker-226,"""Er Broker"" Məhdud Məsuliyyətli Cəmiyyəti",customs_broker,226,,,,,,,,,customs.gov.az,https://customs.gov.az/uploads/representative/7/2e69c2ce14c4bbb93388ea4a58387f2f.pdf
customs-broker-227,"""Orion Broker"" Məhdud Məsuliyyətli Cəmiyyəti",customs_broker,227,,,,,,,,,customs.gov.az,https://customs.gov.az/uploads/representative/7/2e69c2ce14c4bbb93388ea4a58387f2f.pdf
customs-broker-228,"""Trend Broker"" Məhdud Məsuliyyətli Cəmiyyəti",customs_broker,228,,,,,,,,,customs.gov.az,https://customs.gov.az/uploads/representative/7/2e69c2ce14c4bbb93388ea4a58387f2f.pdf
customs-broker-229,"""Cig Scs"" Məhdud Məsuliyyətli Cəmiyyəti",customs_broker,229,,,,,,,,,customs.gov.az,https://customs.gov.az/uploads/representative/7/2e69c2ce14c4bbb93388ea4a58387f2f.pdf
customs-broker-230,"""Shark Broker"" Məhdud Məsuliyyətli Cəmiyyəti",customs_broker,230,,,,,,,,,customs.gov.az,https://customs.gov.az/uploads/representative/7/2e69c2ce14c4bbb93388ea4a58387f2f.pdf
customs-broker-231,"""Az-Line Logistics"" Məhdud Məsuliyyətli Cəmiyyəti",customs_broker,231,,,,,,,,,customs.gov.az,https://customs.gov.az/uploads/representative/7/2e69c2ce14c4bbb93388ea4a58387f2f.pdf
customs-broker-232,"""Rz Broker and Logistics"" Məhdud Məsuliyyətli Cəmiyyəti",customs_broker,232,,,,,,,,,customs.gov.az,https://customs.gov.az/uploads/representative/7/2e69c2ce14c4bbb93388ea4a58387f2f.pdf
customs-broker-233,"""Albatros Group"" Məhdud Məsuliyyətli Cəmiyyəti",customs_broker,233,,,,,,,,,customs.gov.az,https://customs.gov.az/uploads/representative/7/2e69c2ce14c4bbb93388ea4a58387f2f.pdf
customs-broker-234,"""Sant Group"" Məhdud Məsuliyyətli Cəmiyyəti",customs_broker,234,,,,,,,,,customs.gov.az,https://customs.gov.az/uploads/representative/7/2e69c2ce14c4bbb93388ea4a58387f2f.pdf
customs-broker-235,"""Nasa Brok"" Məhdud Məsuliyyətli Cəmiyyəti",customs_broker,235,,,,,,,,,customs.gov.az,https://customs.gov.az/uploads/representative/7/2e69c2ce14c4bbb93388ea4a58387f2f.pdf
customs-broker-236,"""Khan Logistics and Trade"" Məhdud Məsuliyyətli Cəmiyyəti",customs_broker,236,,,,,,,,,customs.gov.az,https://customs.gov.az/uploads/representative/7/2e69c2ce14c4bbb93388ea4a58387f2f.pdf
customs-broker-237,"""Finance Masters Group"" Məhdud Məsuliyyətli Cəmiyyəti",customs_broker,237,,,,,,,,,customs.gov.az,https://customs.gov.az/uploads/representative/7/2e69c2ce14c4bbb93388ea4a58387f2f.pdf
customs-broker-238,"""Nova Broker"" Məhdud Məsuliyyətli Cəmiyyəti",customs_broker,238,,,,,,,,,customs.gov.az,https://customs.gov.az/uploads/representative/7/2e69c2ce14c4bbb93388ea4a58387f2f.pdf
customs-broker-239,"""Cs Broker"" Məhdud Məsuliyyətli Cəmiyyəti",customs_broker,239,,,,,,,,,customs.gov.az,https://customs.gov.az/uploads/representative/7/2e69c2ce14c4bbb93388ea4a58387f2f.pdf
customs-broker-240,"""Pm Group Consulting"" Məhdud Məsuliyyətli Cəmiyyəti",customs_broker,240,,,,,,,,,customs.gov.az,https://customs.gov.az/uploads/representative/7/2e69c2ce14c4bbb93388ea4a58387f2f.pdf
customs-broker-241,"""Caspian Transit Logistic"" Məhdud Məsuliyyətli Cəmiyyəti",customs_broker,241,,,,,,,,,customs.gov.az,https://customs.gov.az/uploads/representative/7/2e69c2ce14c4bbb93388ea4a58387f2f.pdf
customs-broker-242,"""Eximline Broker"" Məhdud Məsuliyyətli Cəmiyyəti",customs_broker,242,,,,,,,,,customs.gov.az,https://customs.gov.az/uploads/representative/7/2e69c2ce14c4bbb93388ea4a58387f2f.pdf
customs-broker-243,"""Port Of Alat"" Məhdud Məsuliyyətli Cəmiyyəti",customs_broker,243,,,,,,,,,customs.gov.az,https://customs.gov.az/uploads/representative/7/2e69c2ce14c4bbb93388ea4a58387f2f.pdf
customs-broker-244,"""Global Customs Broker"" Məhdud Məsuliyyətli Cəmiyyəti",customs_broker,244,,,,,,,,,customs.gov.az,https://customs.gov.az/uploads/representative/7/2e69c2ce14c4bbb93388ea4a58387f2f.pdf
customs-broker-245,"""Rr Customs Broker"" Məhdud Məsuliyyətli Cəmiyyəti",customs_broker,245,,,,,,,,,customs.gov.az,https://customs.gov.az/uploads/representative/7/2e69c2ce14c4bbb93388ea4a58387f2f.pdf
customs-broker-246,"""My Customs Services"" Məhdud Məsuliyyətli Cəmiyyəti",customs_broker,246,,,,,,,,,customs.gov.az,https://customs.gov.az/uploads/representative/7/2e69c2ce14c4bbb93388ea4a58387f2f.pdf
customs-broker-247,"""Express Brokers and Logistics Center"" Məhdud Məsuliyyətli Cəmiyyəti",customs_broker,247,,,,,,,,,customs.gov.az,https://customs.gov.az/uploads/representative/7/2e69c2ce14c4bbb93388ea4a58387f2f.pdf
customs-broker-248,"""Port Broker"" Məhdud Məsuliyyətli Cəmiyyəti",customs_broker,248,,,,,,,,,customs.gov.az,https://customs.gov.az/uploads/representative/7/2e69c2ce14c4bbb93388ea4a58387f2f.pdf
customs-broker-249,"""Gp Company"" Məhdud Məsuliyyətli Cəmiyyəti",customs_broker,249,,,,,,,,,customs.gov.az,https://customs.gov.az/uploads/representative/7/2e69c2ce14c4bbb93388ea4a58387f2f.pdf
customs-broker-250,"""Express Gate"" Məhdud Məsuliyyətli Cəmiyyəti",customs_broker,250,,,,,,,,,customs.gov.az,https://customs.gov.az/uploads/representative/7/2e69c2ce14c4bbb93388ea4a58387f2f.pdf
customs-broker-251,"""Universe Shipping and Broker Services"" Məhdud Məsuliyyətli Cəmiyyəti",customs_broker,251,,,,,,,,,customs.gov.az,https://customs.gov.az/uploads/representative/7/2e69c2ce14c4bbb93388ea4a58387f2f.pdf
customs-broker-252,"""Nisa Broker"" Məhdud Məsuliyyətli Cəmiyyəti",customs_broker,252,,,,,,,,,customs.gov.az,https://customs.gov.az/uploads/representative/7/2e69c2ce14c4bbb93388ea4a58387f2f.pdf
customs-broker-253,"""Blue Vater Shipping Caspian"" Məhdud Məsuliyyətli Cəmiyyəti",customs_broker,253,,,,,,,,,customs.gov.az,https://customs.gov.az/uploads/representative/7/2e69c2ce14c4bbb93388ea4a58387f2f.pdf
customs-broker-254,"""Complex Logistics Company"" Məhdud Məsuliyyətli Cəmiyyəti",customs_broker,254,,,,,,,,,customs.gov.az,https://customs.gov.az/uploads/representative/7/2e69c2ce14c4bbb93388ea4a58387f2f.pdf
customs-broker-255,"""Mbm Broker"" Məhdud Məsuliyyətli Cəmiyyəti",customs_broker,255,,,,,,,,,customs.gov.az,https://customs.gov.az/uploads/representative/7/2e69c2ce14c4bbb93388ea4a58387f2f.pdf
customs-broker-256,"""Darhal Logistics"" Məhdud Məsuliyyətli Cəmiyyəti",customs_broker,256,,,,,,,,,customs.gov.az,https://customs.gov.az/uploads/representative/7/2e69c2ce14c4bbb93388ea4a58387f2f.pdf
customs-broker-257,"""Gilavar Broker"" Məhdud Məsuliyyətli Cəmiyyəti",customs_broker,257,,,,,,,,,customs.gov.az,https://customs.gov.az/uploads/representative/7/2e69c2ce14c4bbb93388ea4a58387f2f.pdf
customs-broker-258,"""Kenderi"" Məhdud Məsuliyyətli Cəmiyyəti",customs_broker,258,,,,,,,,,customs.gov.az,https://customs.gov.az/uploads/representative/7/2e69c2ce14c4bbb93388ea4a58387f2f.pdf
customs-broker-259,"""Caspian Customs Solution"" Məhdud Məsuliyyətli Cəmiyyəti",customs_broker,259,,,,,,,,,customs.gov.az,https://customs.gov.az/uploads/representative/7/2e69c2ce14c4bbb93388ea4a58387f2f.pdf
customs-broker-260,"""Egt Express"" Məhdud Məsuliyyətli Cəmiyyəti",customs_broker,260,,,,,,,,,customs.gov.az,https://customs.gov.az/uploads/representative/7/2e69c2ce14c4bbb93388ea4a58387f2f.pdf
customs-broker-261,"""Commercial Consulting Agency"" Məhdud Məsuliyyətli Cəmiyyəti",customs_broker,261,,,,,,,,,customs.gov.az,https://customs.gov.az/uploads/representative/7/2e69c2ce14c4bbb93388ea4a58387f2f.pdf
customs-broker-262,"""Dəniz Broker və Logistika"" Məhdud Məsuliyyətli Cəmiyyəti",customs_broker,262,,,,,,,,,customs.gov.az,https://customs.gov.az/uploads/representative/7/2e69c2ce14c4bbb93388ea4a58387f2f.pdf
customs-broker-263,"""Customs Partners"" Məhdud Məsuliyyətli Cəmiyyəti",customs_broker,263,,,,,,,,,customs.gov.az,https://customs.gov.az/uploads/representative/7/2e69c2ce14c4bbb93388ea4a58387f2f.pdf
customs-broker-264,"""Er-Trans"" Məhdud Məsuliyyətli Cəmiyyəti",customs_broker,264,,,,,,,,,customs.gov.az,https://customs.gov.az/uploads/representative/7/2e69c2ce14c4bbb93388ea4a58387f2f.pdf
customs-broker-265,"""Baku Trade Hub"" Məhdud Məsuliyyətli Cəmiyyəti",customs_broker,265,,,,,,,,,customs.gov.az,https://customs.gov.az/uploads/representative/7/2e69c2ce14c4bbb93388ea4a58387f2f.pdf
customs-broker-266,"""True Gate"" Məhdud Məsuliyyətli Cəmiyyəti",customs_broker,266,,,,,,,,,customs.gov.az,https://customs.gov.az/uploads/representative/7/2e69c2ce14c4bbb93388ea4a58387f2f.pdf
customs-broker-267,"""Ecustoms Group"" Məhdud Məsuliyyətli Cəmiyyəti",customs_broker,267,,,,,,,,,customs.gov.az,https://customs.gov.az/uploads/representative/7/2e69c2ce14c4bbb93388ea4a58387f2f.pdf
customs-broker-268,"""Caspian Bro"" Məhdud Məsuliyyətli Cəmiyyəti",customs_broker,268,,,,,,,,,customs.gov.az,https://customs.gov.az/uploads/representative/7/2e69c2ce14c4bbb93388ea4a58387f2f.pdf
customs-broker-269,"""Lvq Group"" Məhdud Məsuliyyətli Cəmiyyəti",customs_broker,269,,,,,,,,,customs.gov.az,https://customs.gov.az/uploads/representative/7/2e69c2ce14c4bbb93388ea4a58387f2f.pdf
customs-broker-270,"""Safe Customs Broker"" Məhdud Məsuliyyətli Cəmiyyəti",customs_broker,270,,,,,,,,,customs.gov.az,https://customs.gov.az/uploads/representative/7/2e69c2ce14c4bbb93388ea4a58387f2f.pdf
customs-broker-271,"""Mobex Parts "" Məhdud Məsuliyyətli Cəmiyyəti",customs_broker,271,,,,,,,,,customs.gov.az,https://customs.gov.az/uploads/representative/7/2e69c2ce14c4bbb93388ea4a58387f2f.pdf
customs-broker-272,"""Transport Broker"" Məhdud Məsuliyyətli Cəmiyyəti",customs_broker,272,,,,,,,,,customs.gov.az,https://customs.gov.az/uploads/representative/7/2e69c2ce14c4bbb93388ea4a58387f2f.pdf
customs-broker-273,"""My Express"" Məhdud Məsuliyyətli Cəmiyyəti",customs_broker,273,,,,,,,,,customs.gov.az,https://customs.gov.az/uploads/representative/7/2e69c2ce14c4bbb93388ea4a58387f2f.pdf
customs-broker-274,"""Lion Broker"" Məhdud Məsuliyyətli Cəmiyyəti",customs_broker,274,,,,,,,,,customs.gov.az,https://customs.gov.az/uploads/representative/7/2e69c2ce14c4bbb93388ea4a58387f2f.pdf
customs-broker-275,"""Cənub Broker"" Məhdud Məsuliyyətli Cəmiyyəti",customs_broker,275,,,,,,,,,customs.gov.az,https://customs.gov.az/uploads/representative/7/2e69c2ce14c4bbb93388ea4a58387f2f.pdf
customs-broker-276,"""Hax Group"" Məhdud Məsuliyyətli Cəmiyyəti",customs_broker,276,,,,,,,,,customs.gov.az,https://customs.gov.az/uploads/representative/7/2e69c2ce14c4bbb93388ea4a58387f2f.pdf
customs-broker-277,"""Prestige Broker"" Məhdud Məsuliyyətli Cəmiyyəti",customs_broker,277,,,,,,,,,customs.gov.az,https://customs.gov.az/uploads/representative/7/2e69c2ce14c4bbb93388ea4a58387f2f.pdf
customs-broker-278,"""Atm Broker"" Məhdud Məsuliyyətli Cəmiyyəti",customs_broker,278,,,,,,,,,customs.gov.az,https://customs.gov.az/uploads/representative/7/2e69c2ce14c4bbb93388ea4a58387f2f.pdf
customs-broker-279,"""Jasbar Customs Broker"" Məhdud Məsuliyyətli Cəmiyyəti",customs_broker,279,,,,,,,,,customs.gov.az,https://customs.gov.az/uploads/representative/7/2e69c2ce14c4bbb93388ea4a58387f2f.pdf
customs-broker-280,"""Procar"" Məhdud Məsuliyyətli Cəmiyyəti",customs_broker,280,,,,,,,,,customs.gov.az,https://customs.gov.az/uploads/representative/7/2e69c2ce14c4bbb93388ea4a58387f2f.pdf
customs-broker-281,"""Prime Customs Services"" Məhdud Məsuliyyətli Cəmiyyəti",customs_broker,281,,,,,,,,,customs.gov.az,https://customs.gov.az/uploads/representative/7/2e69c2ce14c4bbb93388ea4a58387f2f.pdf
customs-broker-282,"""L R S"" Məhdud Məsuliyyətli Cəmiyyəti",customs_broker,282,,,,,,,,,customs.gov.az,https://customs.gov.az/uploads/representative/7/2e69c2ce14c4bbb93388ea4a58387f2f.pdf
customs-broker-283,"""Agro Union"" Məhdud Məsuliyyətli Cəmiyyəti",customs_broker,283,,,,,,,,,customs.gov.az,https://customs.gov.az/uploads/representative/7/2e69c2ce14c4bbb93388ea4a58387f2f.pdf
customs-broker-284,"""Alfa Logistika"" Məhdud Məsuliyyətli Cəmiyyəti",customs_broker,284,,,,,,,,,customs.gov.az,https://customs.gov.az/uploads/representative/7/2e69c2ce14c4bbb93388ea4a58387f2f.pdf
customs-broker-285,"""Safarov Customs Service"" Məhdud Məsuliyyətli Cəmiyyəti",customs_broker,285,,,,,,,,,customs.gov.az,https://customs.gov.az/uploads/representative/7/2e69c2ce14c4bbb93388ea4a58387f2f.pdf
customs-broker-286,"""Aksept Hüquq Xidməti"" Məhdud Məsuliyyətli Cəmiyyəti",customs_broker,286,,,,,,,,,customs.gov.az,https://customs.gov.az/uploads/representative/7/2e69c2ce14c4bbb93388ea4a58387f2f.pdf
customs-broker-287,"""Veksa"" Məhdud Məsuliyyətli Cəmiyyəti",customs_broker,287,,,,,,,,,customs.gov.az,https://customs.gov.az/uploads/representative/7/2e69c2ce14c4bbb93388ea4a58387f2f.pdf
customs-broker-288,"""Ray Customs Services"" Məhdud Məsuliyyətli Cəmiyyəti",customs_broker,288,,,,,,,,,customs.gov.az,https://customs.gov.az/uploads/representative/7/2e69c2ce14c4bbb93388ea4a58387f2f.pdf
customs-broker-289,"""Silkvvay Customs Services"" Məhdud Məsuliyyətli Cəmiyyəti",customs_broker,289,,,,,,,,,customs.gov.az,https://customs.gov.az/uploads/representative/7/2e69c2ce14c4bbb93388ea4a58387f2f.pdf
customs-broker-290,"""Rali Yük"" Məhdud Məsuliyyətli Cəmiyyəti",customs_broker,290,,,,,,,,,customs.gov.az,https://customs.gov.az/uploads/representative/7/2e69c2ce14c4bbb93388ea4a58387f2f.pdf
customs-broker-291,"""Tedora Group"" Məhdud Məsuliyyətli Cəmiyyəti",customs_broker,291,,,,,,,,,customs.gov.az,https://customs.gov.az/uploads/representative/7/2e69c2ce14c4bbb93388ea4a58387f2f.pdf
customs-broker-292,"""Alpex Group"" Məhdud Məsuliyyətli Cəmiyyəti",customs_broker,292,,,,,,,,,customs.gov.az,https://customs.gov.az/uploads/representative/7/2e69c2ce14c4bbb93388ea4a58387f2f.pdf
customs-broker-293,"""Sunny Day"" Məhdud Məsuliyyətli Cəmiyyəti",customs_broker,293,,,,,,,,,customs.gov.az,https://customs.gov.az/uploads/representative/7/2e69c2ce14c4bbb93388ea4a58387f2f.pdf
customs-broker-294,"""İnter Global Logistics"" Məhdud Məsuliyyətli Cəmiyyəti",customs_broker,294,,,,,,,,,customs.gov.az,https://customs.gov.az/uploads/representative/7/2e69c2ce14c4bbb93388ea4a58387f2f.pdf
customs-broker-295,"""Vertex Broker"" Məhdud Məsuliyyətli Cəmiyyəti",customs_broker,295,,,,,,,,,customs.gov.az,https://customs.gov.az/uploads/representative/7/2e69c2ce14c4bbb93388ea4a58387f2f.pdf
customs-broker-296,Alat Trade Facilitation Services Administrative Entity,customs_broker,296,,,,,,,,,customs.gov.az,https://customs.gov.az/uploads/representative/7/2e69c2ce14c4bbb93388ea4a58387f2f.pdf
customs-broker-297,"""Global Trading And Logistics"" Məhdud Məsuliyyətli Cəmiyyəti",customs_broker,297,,,,,,,,,customs.gov.az,https://customs.gov.az/uploads/representative/7/2e69c2ce14c4bbb93388ea4a58387f2f.pdf
customs-broker-298,"""E-Customs Broker"" Məhdud Məsuliyyətli Cəmiyyəti",customs_broker,298,,,,,,,,,customs.gov.az,https://customs.gov.az/uploads/representative/7/2e69c2ce14c4bbb93388ea4a58387f2f.pdf
customs-broker-299,"""Quick Go"" Məhdud Məsuliyyətli Cəmiyyəti",customs_broker,299,,,,,,,,,customs.gov.az,https://customs.gov.az/uploads/representative/7/2e69c2ce14c4bbb93388ea4a58387f2f.pdf
customs-broker-300,"""Malikogullari Transport"" Məhdud Məsuliyyətli Cəmiyyəti",customs_broker,300,,,,,,,,,customs.gov.az,https://customs.gov.az/uploads/representative/7/2e69c2ce14c4bbb93388ea4a58387f2f.pdf
customs-broker-301,"""First Logistics"" Məhdud Məsuliyyətli Cəmiyyəti",customs_broker,301,,,,,,,,,customs.gov.az,https://customs.gov.az/uploads/representative/7/2e69c2ce14c4bbb93388ea4a58387f2f.pdf
customs-broker-302,"""Trade Broker 360"" Məhdud Məsuliyyətli Cəmiyyəti",customs_broker,302,,,,,,,,,customs.gov.az,https://customs.gov.az/uploads/representative/7/2e69c2ce14c4bbb93388ea4a58387f2f.pdf
customs-broker-303,"""Operative Customs Broker"" Məhdud Məsuliyyətli Cəmiyyəti",customs_broker,303,,,,,,,,,customs.gov.az,https://customs.gov.az/uploads/representative/7/2e69c2ce14c4bbb93388ea4a58387f2f.pdf
customs-broker-304,"""Premium East Group"" Məhdud Məsuliyyətli Cəmiyyəti",customs_broker,304,,,,,,,,,customs.gov.az,https://customs.gov.az/uploads/representative/7/2e69c2ce14c4bbb93388ea4a58387f2f.pdf
customs-broker-305,"""Caspian Logistics and Customs Service"" Məhdud Məsuliyyətli Cəmiyyəti",customs_broker,305,,,,,,,,,customs.gov.az,https://customs.gov.az/uploads/representative/7/2e69c2ce14c4bbb93388ea4a58387f2f.pdf
customs-broker-306,"""Status Broker"" Məhdud Məsuliyyətli Cəmiyyəti",customs_broker,306,,,,,,,,,customs.gov.az,https://customs.gov.az/uploads/representative/7/2e69c2ce14c4bbb93388ea4a58387f2f.pdf
customs-broker-307,"""Fm Customs Broker"" Məhdud Məsuliyyətli Cəmiyyəti",customs_broker,307,,,,,,,,,customs.gov.az,https://customs.gov.az/uploads/representative/7/2e69c2ce14c4bbb93388ea4a58387f2f.pdf
customs-broker-308,"""Customs Line"" Məhdud Məsuliyyətli Cəmiyyəti",customs_broker,308,,,,,,,,,customs.gov.az,https://customs.gov.az/uploads/representative/7/2e69c2ce14c4bbb93388ea4a58387f2f.pdf
customs-broker-309,"""Ship and Smile"" Məhdud Məsuliyyətli Cəmiyyəti",customs_broker,309,,,,,,,,,customs.gov.az,https://customs.gov.az/uploads/representative/7/2e69c2ce14c4bbb93388ea4a58387f2f.pdf
customs-broker-310,"""Bulaq Logistics"" Məhdud Məsuliyyətli Cəmiyyəti",customs_broker,310,,,,,,,,,customs.gov.az,https://customs.gov.az/uploads/representative/7/2e69c2ce14c4bbb93388ea4a58387f2f.pdf
customs-broker-311,"""Asaza Flks"" Məhdud Məsuliyyətli Cəmiyyəti",customs_broker,311,,,,,,,,,customs.gov.az,https://customs.gov.az/uploads/representative/7/2e69c2ce14c4bbb93388ea4a58387f2f.pdf
customs-broker-312,"""Vin Broker"" Məhdud Məsuliyyətli Cəmiyyəti",customs_broker,312,,,,,,,,,customs.gov.az,https://customs.gov.az/uploads/representative/7/2e69c2ce14c4bbb93388ea4a58387f2f.pdf
customs-broker-313,"""N.A Group"" Məhdud Məsuliyyətli Cəmiyyəti",customs_broker,313,,,,,,,,,customs.gov.az,https://customs.gov.az/uploads/representative/7/2e69c2ce14c4bbb93388ea4a58387f2f.pdf
customs-broker-314,"""Şah Broker"" Məhdud Məsuliyyətli Cəmiyyəti",customs_broker,314,,,,,,,,,customs.gov.az,https://customs.gov.az/uploads/representative/7/2e69c2ce14c4bbb93388ea4a58387f2f.pdf
customs-broker-315,"""Moonlight Broker"" Məhdud Məsuliyyətli Cəmiyyəti",customs_broker,315,,,,,,,,,customs.gov.az,https://customs.gov.az/uploads/representative/7/2e69c2ce14c4bbb93388ea4a58387f2f.pdf
customs-broker-316,"""Sba"" Məhdud Məsuliyyətli Cəmiyyəti",customs_broker,316,,,,,,,,,customs.gov.az,https://customs.gov.az/uploads/representative/7/2e69c2ce14c4bbb93388ea4a58387f2f.pdf
customs-broker-317,"""Candc Customs Clearance Service"" Məhdud Məsuliyyətli Cəmiyyəti",customs_broker,317,,,,,,,,,customs.gov.az,https://customs.gov.az/uploads/representative/7/2e69c2ce14c4bbb93388ea4a58387f2f.pdf
customs-broker-318,"""Three Logistics and Broker"" Məhdud Məsuliyyətli Cəmiyyəti",customs_broker,318,,,,,,,,,customs.gov.az,https://customs.gov.az/uploads/representative/7/2e69c2ce14c4bbb93388ea4a58387f2f.pdf
customs-broker-319,Alat Customs Services,customs_broker,319,,,,,,,,,customs.gov.az,https://customs.gov.az/uploads/representative/7/2e69c2ce14c4bbb93388ea4a58387f2f.pdf
customs-broker-320,"""Roqa Broker"" Məhdud Məsuliyyətli Cəmiyyəti",customs_broker,320,,,,,,,,,customs.gov.az,https://customs.gov.az/uploads/representative/7/2e69c2ce14c4bbb93388ea4a58387f2f.pdf
customs-broker-321,"""Cam Broker"" Məhdud Məsuliyyətli Cəmiyyəti",customs_broker,321,,,,,,,,,customs.gov.az,https://customs.gov.az/uploads/representative/7/2e69c2ce14c4bbb93388ea4a58387f2f.pdf
customs-broker-322,"""Hublog Shipping"" Məhdud Məsuliyyətli Cəmiyyəti",customs_broker,322,,,,,,,,,customs.gov.az,https://customs.gov.az/uploads/representative/7/2e69c2ce14c4bbb93388ea4a58387f2f.pdf
customs-broker-323,"""Speed Ex Pro"" Məhdud Məsuliyyətli Cəmiyyəti",customs_broker,323,,,,,,,,,customs.gov.az,https://customs.gov.az/uploads/representative/7/2e69c2ce14c4bbb93388ea4a58387f2f.pdf
customs-broker-324,"""St Broker"" Məhdud Məsuliyyətli Cəmiyyəti",customs_broker,324,,,,,,,,,customs.gov.az,https://customs.gov.az/uploads/representative/7/2e69c2ce14c4bbb93388ea4a58387f2f.pdf
customs-broker-325,"""Eco Broker"" Məhdud Məsuliyyətli Cəmiyyəti",customs_broker,325,,,,,,,,,customs.gov.az,https://customs.gov.az/uploads/representative/7/2e69c2ce14c4bbb93388ea4a58387f2f.pdf
customs-broker-326,"""Declare Group"" Məhdud Məsuliyyətli Cəmiyyəti",customs_broker,326,,,,,,,,,customs.gov.az,https://customs.gov.az/uploads/representative/7/2e69c2ce14c4bbb93388ea4a58387f2f.pdf
customs-broker-327,"""Mv Services"" Məhdud Məsuliyyətli Cəmiyyəti",customs_broker,327,,,,,,,,,customs.gov.az,https://customs.gov.az/uploads/representative/7/2e69c2ce14c4bbb93388ea4a58387f2f.pdf
customs-broker-328,"""Narçin Ports And Terminals"" Məhdud Məsuliyyətli Cəmiyyəti",customs_broker,328,,,,,,,,,customs.gov.az,https://customs.gov.az/uploads/representative/7/2e69c2ce14c4bbb93388ea4a58387f2f.pdf
customs-broker-329,"""Logibroker"" Məhdud Məsuliyyətli Cəmiyyəti",customs_broker,329,,,,,,,,,customs.gov.az,https://customs.gov.az/uploads/representative/7/2e69c2ce14c4bbb93388ea4a58387f2f.pdf
customs-broker-330,"""Primeport Customs"" Məhdud Məsuliyyətli Cəmiyyəti",customs_broker,330,,,,,,,,,customs.gov.az,https://customs.gov.az/uploads/representative/7/2e69c2ce14c4bbb93388ea4a58387f2f.pdf
customs-broker-331,"""Ai Auto Broker"" Məhdud Məsuliyyətli Cəmiyyəti",customs_broker,331,,,,,,,,,customs.gov.az,https://customs.gov.az/uploads/representative/7/2e69c2ce14c4bbb93388ea4a58387f2f.pdf
customs-broker-332,"""Az-Line Group"" Məhdud Məsuliyyətli Cəmiyyəti",customs_broker,332,,,,,,,,,customs.gov.az,https://customs.gov.az/uploads/representative/7/2e69c2ce14c4bbb93388ea4a58387f2f.pdf
customs-broker-333,"""Legal Broker"" Məhdud Məsuliyyətli Cəmiyyəti",customs_broker,333,,,,,,,,,customs.gov.az,https://customs.gov.az/uploads/representative/7/2e69c2ce14c4bbb93388ea4a58387f2f.pdf
customs-broker-334,"""Tt Broker Services"" Məhdud Məsuliyyətli Cəmiyyəti",customs_broker,334,,,,,,,,,customs.gov.az,https://customs.gov.az/uploads/representative/7/2e69c2ce14c4bbb93388ea4a58387f2f.pdf
customs-broker-335,"""Caspian Ps"" Məhdud Məsuliyyətli Cəmiyyəti",customs_broker,335,,,,,,,,,customs.gov.az,https://customs.gov.az/uploads/representative/7/2e69c2ce14c4bbb93388ea4a58387f2f.pdf
customs-broker-336,"""Quality Broker"" Məhdud Məsuliyyətli Cəmiyyəti",customs_broker,336,,,,,,,,,customs.gov.az,https://customs.gov.az/uploads/representative/7/2e69c2ce14c4bbb93388ea4a58387f2f.pdf
customs-broker-337,"""Pentaqon Freyt Servisiz Pls."" şirkətinin Azərbaycan Respublikasındakı Nümayəndəliyi",customs_broker,337,,,,,,,,,customs.gov.az,https://customs.gov.az/uploads/representative/7/2e69c2ce14c4bbb93388ea4a58387f2f.pdf
customs-broker-338,"""Zh Broker"" Məhdud Məsuliyyətli Cəmiyyəti",customs_broker,338,,,,,,,,,customs.gov.az,https://customs.gov.az/uploads/representative/7/2e69c2ce14c4bbb93388ea4a58387f2f.pdf
customs-broker-339,"""Rc Global Logistics"" Məhdud Məsuliyyətli Cəmiyyəti",customs_broker,339,,,,,,,,,customs.gov.az,https://customs.gov.az/uploads/representative/7/2e69c2ce14c4bbb93388ea4a58387f2f.pdf
customs-broker-340,"""Pareto Group"" Məhdud Məsuliyyətli Cəmiyyəti",customs_broker,340,,,,,,,,,customs.gov.az,https://customs.gov.az/uploads/representative/7/2e69c2ce14c4bbb93388ea4a58387f2f.pdf
customs-broker-341,"""Fmf Group"" Məhdud Məsuliyyətli Cəmiyyəti",customs_broker,341,,,,,,,,,customs.gov.az,https://customs.gov.az/uploads/representative/7/2e69c2ce14c4bbb93388ea4a58387f2f.pdf
customs-broker-342,"""Nakchivan Broker And Logistics Center"" Məhdud Məsuliyyətli Cəmiyyəti",customs_broker,342,,,,,,,,,customs.gov.az,https://customs.gov.az/uploads/representative/7/2e69c2ce14c4bbb93388ea4a58387f2f.pdf
customs-broker-343,"""Tgp Azərbaycan"" Məhdud Məsuliyyətli Cəmiyyəti",customs_broker,343,,,,,,,,,customs.gov.az,https://customs.gov.az/uploads/representative/7/2e69c2ce14c4bbb93388ea4a58387f2f.pdf
customs-broker-344,"""Nn Broker"" Məhdud Məsuliyyətli Cəmiyyəti",customs_broker,344,,,,,,,,,customs.gov.az,https://customs.gov.az/uploads/representative/7/2e69c2ce14c4bbb93388ea4a58387f2f.pdf
customs-broker-345,"""Als Global"" Məhdud Məsuliyyətli Cəmiyyəti",customs_broker,345,,,,,,,,,customs.gov.az,https://customs.gov.az/uploads/representative/7/2e69c2ce14c4bbb93388ea4a58387f2f.pdf
customs-broker-346,"""Fr 2019"" Məhdud Məsuliyyətli Cəmiyyəti",customs_broker,346,,,,,,,,,customs.gov.az,https://customs.gov.az/uploads/representative/7/2e69c2ce14c4bbb93388ea4a58387f2f.pdf
customs-broker-347,"""Eco Logistics"" Məhdud Məsuliyyətli Cəmiyyəti",customs_broker,347,,,,,,,,,customs.gov.az,https://customs.gov.az/uploads/representative/7/2e69c2ce14c4bbb93388ea4a58387f2f.pdf
customs-broker-348,"""Maytrak"" Məhdud Məsuliyyətli Cəmiyyəti",customs_broker,348,,,,,,,,,customs.gov.az,https://customs.gov.az/uploads/representative/7/2e69c2ce14c4bbb93388ea4a58387f2f.pdf
customs-broker-349,"""Rf Group Company"" Məhdud Məsuliyyətli Cəmiyyəti",customs_broker,349,,,,,,,,,customs.gov.az,https://customs.gov.az/uploads/representative/7/2e69c2ce14c4bbb93388ea4a58387f2f.pdf
customs-broker-350,"""Dk Logistics"" Məhdud Məsuliyyətli Cəmiyyəti",customs_broker,350,,,,,,,,,customs.gov.az,https://customs.gov.az/uploads/representative/7/2e69c2ce14c4bbb93388ea4a58387f2f.pdf
customs-broker-351,"""Chingizoglu-Ch"" Məhdud Məsuliyyətli Cəmiyyəti",customs_broker,351,,,,,,,,,customs.gov.az,https://customs.gov.az/uploads/representative/7/2e69c2ce14c4bbb93388ea4a58387f2f.pdf
customs-broker-352,"""Nata Group of Companies"" Məhdud Məsuliyyətli Cəmiyyəti",customs_broker,352,,,,,,,,,customs.gov.az,https://customs.gov.az/uploads/representative/7/2e69c2ce14c4bbb93388ea4a58387f2f.pdf
customs-broker-353,"""Bsc Group"" Məhdud Məsuliyyətli Cəmiyyəti",customs_broker,353,,,,,,,,,customs.gov.az,https://customs.gov.az/uploads/representative/7/2e69c2ce14c4bbb93388ea4a58387f2f.pdf
customs-broker-354,"""Az Shipping"" Məhdud Məsuliyyətli Cəmiyyəti",customs_broker,354,,,,,,,,,customs.gov.az,https://customs.gov.az/uploads/representative/7/2e69c2ce14c4bbb93388ea4a58387f2f.pdf
customs-broker-355,"""Maro Group"" Məhdud Məsuliyyətli Cəmiyyəti",customs_broker,355,,,,,,,,,customs.gov.az,https://customs.gov.az/uploads/representative/7/2e69c2ce14c4bbb93388ea4a58387f2f.pdf
customs-broker-356,"""Garant Logistika və Mühasibatlıq Xidmətləri"" Məhdud Məsuliyyətli Cəmiyyəti",customs_broker,356,,,,,,,,,customs.gov.az,https://customs.gov.az/uploads/representative/7/2e69c2ce14c4bbb93388ea4a58387f2f.pdf
customs-broker-357,"""Vip Premium Broker"" Məhdud Məsuliyyətli Cəmiyyəti",customs_broker,357,,,,,,,,,customs.gov.az,https://customs.gov.az/uploads/representative/7/2e69c2ce14c4bbb93388ea4a58387f2f.pdf
customs-broker-358,"""Rb Customs"" Məhdud Məsuliyyətli Cəmiyyəti",customs_broker,358,,,,,,,,,customs.gov.az,https://customs.gov.az/uploads/representative/7/2e69c2ce14c4bbb93388ea4a58387f2f.pdf
customs-broker-359,"""Kəpəz Broker"" Məhdud Məsuliyyətli Cəmiyyəti",customs_broker,359,,,,,,,,,customs.gov.az,https://customs.gov.az/uploads/representative/7/2e69c2ce14c4bbb93388ea4a58387f2f.pdf
customs-broker-360,"""Brokery"" Məhdud Məsuliyyətli Cəmiyyəti",customs_broker,360,,,,,,,,,customs.gov.az,https://customs.gov.az/uploads/representative/7/2e69c2ce14c4bbb93388ea4a58387f2f.pdf
customs-broker-361,"""İms Brokers"" Məhdud Məsuliyyətli Cəmiyyəti",customs_broker,361,,,,,,,,,customs.gov.az,https://customs.gov.az/uploads/representative/7/2e69c2ce14c4bbb93388ea4a58387f2f.pdf
customs-broker-362,"""Customs Support"" Məhdud Məsuliyyətli Cəmiyyəti",customs_broker,362,,,,,,,,,customs.gov.az,https://customs.gov.az/uploads/representative/7/2e69c2ce14c4bbb93388ea4a58387f2f.pdf
customs-broker-363,"""Sr Logistics and Transport"" Məhdud Məsuliyyətli Cəmiyyəti",customs_broker,363,,,,,,,,,customs.gov.az,https://customs.gov.az/uploads/representative/7/2e69c2ce14c4bbb93388ea4a58387f2f.pdf
customs-broker-364,"""Tbm Broker"" Məhdud Məsuliyyətli Cəmiyyəti",customs_broker,364,,,,,,,,,customs.gov.az,https://customs.gov.az/uploads/representative/7/2e69c2ce14c4bbb93388ea4a58387f2f.pdf
customs-broker-365,"""Em Customs"" Məhdud Məsuliyyətli Cəmiyyəti",customs_broker,365,,,,,,,,,customs.gov.az,https://customs.gov.az/uploads/representative/7/2e69c2ce14c4bbb93388ea4a58387f2f.pdf
customs-broker-366,"""M N Broker"" Məhdud Məsuliyyətli Cəmiyyəti",customs_broker,366,,,,,,,,,customs.gov.az,https://customs.gov.az/uploads/representative/7/2e69c2ce14c4bbb93388ea4a58387f2f.pdf
customs-broker-367,"""Cargonyx"" Məhdud Məsuliyyətli Cəmiyyəti",customs_broker,367,,,,,,,,,customs.gov.az,https://customs.gov.az/uploads/representative/7/2e69c2ce14c4bbb93388ea4a58387f2f.pdf
customs-broker-368,"""Lanatrust"" Məhdud Məsuliyyətli Cəmiyyəti",customs_broker,368,,,,,,,,,customs.gov.az,https://customs.gov.az/uploads/representative/7/2e69c2ce14c4bbb93388ea4a58387f2f.pdf
customs-broker-369,"""Brand Broker And Logistic"" Məhdud Məsuliyyətli Cəmiyyəti",customs_broker,369,,,,,,,,,customs.gov.az,https://customs.gov.az/uploads/representative/7/2e69c2ce14c4bbb93388ea4a58387f2f.pdf
customs-broker-370,"""Jamas Solutions"" Məhdud Məsuliyyətli Cəmiyyəti",customs_broker,370,,,,,,,,,customs.gov.az,https://customs.gov.az/uploads/representative/7/2e69c2ce14c4bbb93388ea4a58387f2f.pdf
customs-broker-371,"""Azexpress Customs Broker"" Məhdud Məsuliyyətli Cəmiyyəti",customs_broker,371,,,,,,,,,customs.gov.az,https://customs.gov.az/uploads/representative/7/2e69c2ce14c4bbb93388ea4a58387f2f.pdf
customs-broker-372,"""Gömrük Broker Xidməti"" Məhdud Məsuliyyətli Cəmiyyəti",customs_broker,372,,,,,,,,,customs.gov.az,https://customs.gov.az/uploads/representative/7/2e69c2ce14c4bbb93388ea4a58387f2f.pdf
customs-broker-373,"""Fr Broker"" Məhdud Məsuliyyətli Cəmiyyəti",customs_broker,373,,,,,,,,,customs.gov.az,https://customs.gov.az/uploads/representative/7/2e69c2ce14c4bbb93388ea4a58387f2f.pdf
customs-broker-374,"""Axiom-R"" Məhdud Məsuliyyətli Cəmiyyəti",customs_broker,374,,,,,,,,,customs.gov.az,https://customs.gov.az/uploads/representative/7/2e69c2ce14c4bbb93388ea4a58387f2f.pdf
customs-broker-375,"""Hv Motors"" Məhdud Məsuliyyətli Cəmiyyəti",customs_broker,375,,,,,,,,,customs.gov.az,https://customs.gov.az/uploads/representative/7/2e69c2ce14c4bbb93388ea4a58387f2f.pdf
customs-broker-376,"""Bolus Group"" Məhdud Məsuliyyətli Cəmiyyəti",customs_broker,376,,,,,,,,,customs.gov.az,https://customs.gov.az/uploads/representative/7/2e69c2ce14c4bbb93388ea4a58387f2f.pdf
customs-broker-377,"""Pullman Group"" Məhdud Məsuliyyətli Cəmiyyəti",customs_broker,377,,,,,,,,,customs.gov.az,https://customs.gov.az/uploads/representative/7/2e69c2ce14c4bbb93388ea4a58387f2f.pdf
customs-broker-378,"""Easy Logistics Broker"" Məhdud Məsuliyyətli Cəmiyyəti",customs_broker,378,,,,,,,,,customs.gov.az,https://customs.gov.az/uploads/representative/7/2e69c2ce14c4bbb93388ea4a58387f2f.pdf
customs-broker-379,"""Gsp Logistics"" Məhdud Məsuliyyətli Cəmiyyəti",customs_broker,379,,,,,,,,,customs.gov.az,https://customs.gov.az/uploads/representative/7/2e69c2ce14c4bbb93388ea4a58387f2f.pdf
customs-broker-380,"""Csp Broker"" Məhdud Məsuliyyətli Cəmiyyəti",customs_broker,380,,,,,,,,,customs.gov.az,https://customs.gov.az/uploads/representative/7/2e69c2ce14c4bbb93388ea4a58387f2f.pdf
customs-broker-381,"""Smart Broker Service"" Məhdud Məsuliyyətli Cəmiyyəti",customs_broker,381,,,,,,,,,customs.gov.az,https://customs.gov.az/uploads/representative/7/2e69c2ce14c4bbb93388ea4a58387f2f.pdf
customs-broker-382,"""Brighton Group"" Məhdud Məsuliyyətli Cəmiyyəti",customs_broker,382,,,,,,,,,customs.gov.az,https://customs.gov.az/uploads/representative/7/2e69c2ce14c4bbb93388ea4a58387f2f.pdf
customs-broker-383,"""Alsace Business Solutions"" Məhdud Məsuliyyətli Cəmiyyəti",customs_broker,383,,,,,,,,,customs.gov.az,https://customs.gov.az/uploads/representative/7/2e69c2ce14c4bbb93388ea4a58387f2f.pdf
customs-broker-384,"""Jb Customs Broker"" Məhdud Məsuliyyətli Cəmiyyəti",customs_broker,384,,,,,,,,,customs.gov.az,https://customs.gov.az/uploads/representative/7/2e69c2ce14c4bbb93388ea4a58387f2f.pdf
customs-broker-385,"""Snft Broker"" Məhdud Məsuliyyətli Cəmiyyəti",customs_broker,385,,,,,,,,,customs.gov.az,https://customs.gov.az/uploads/representative/7/2e69c2ce14c4bbb93388ea4a58387f2f.pdf
customs-broker-386,"""Letto Group"" Məhdud Məsuliyyətli Cəmiyyəti",customs_broker,386,,,,,,,,,customs.gov.az,https://customs.gov.az/uploads/representative/7/2e69c2ce14c4bbb93388ea4a58387f2f.pdf
customs-broker-387,"""Proper Transport"" Məhdud Məsuliyyətli Cəmiyyəti",customs_broker,387,,,,,,,,,customs.gov.az,https://customs.gov.az/uploads/representative/7/2e69c2ce14c4bbb93388ea4a58387f2f.pdf
customs-broker-388,"""Gate Baku Express"" Qapalı Səhmdar Cəmiyyəti",customs_broker,388,,,,,,,,,customs.gov.az,https://customs.gov.az/uploads/representative/7/2e69c2ce14c4bbb93388ea4a58387f2f.pdf
customs-broker-389,"""Touch İnteraction"" Məhdud Məsuliyyətli Cəmiyyəti",customs_broker,389,,,,,,,,,customs.gov.az,https://customs.gov.az/uploads/representative/7/2e69c2ce14c4bbb93388ea4a58387f2f.pdf
customs-broker-390,"""Fcs Group"" Məhdud Məsuliyyətli Cəmiyyəti",customs_broker,390,,,,,,,,,customs.gov.az,https://customs.gov.az/uploads/representative/7/2e69c2ce14c4bbb93388ea4a58387f2f.pdf
customs-broker-391,"""Gömrük Bəyan"" Məhdud Məsuliyyətli Cəmiyyəti",customs_broker,391,,,,,,,,,customs.gov.az,https://customs.gov.az/uploads/representative/7/2e69c2ce14c4bbb93388ea4a58387f2f.pdf
customs-broker-392,"""Customsgate"" Məhdud Məsuliyyətli Cəmiyyəti",customs_broker,392,,,,,,,,,customs.gov.az,https://customs.gov.az/uploads/representative/7/2e69c2ce14c4bbb93388ea4a58387f2f.pdf
customs-broker-393,"""Alfa Customs Service"" Məhdud Məsuliyyətli Cəmiyyəti",customs_broker,393,,,,,,,,,customs.gov.az,https://customs.gov.az/uploads/representative/7/2e69c2ce14c4bbb93388ea4a58387f2f.pdf
customs-broker-394,"""Caspian Transit"" Məhdud Məsuliyyətli Cəmiyyəti",customs_broker,394,,,,,,,,,customs.gov.az,https://customs.gov.az/uploads/representative/7/2e69c2ce14c4bbb93388ea4a58387f2f.pdf
customs-broker-395,"""Customer"" Məhdud Məsuliyyətli Cəmiyyəti",customs_broker,395,,,,,,,,,customs.gov.az,https://customs.gov.az/uploads/representative/7/2e69c2ce14c4bbb93388ea4a58387f2f.pdf
customs-broker-396,"""Silk Road Solutions"" Məhdud Məsuliyyətli Cəmiyyəti",customs_broker,396,,,,,,,,,customs.gov.az,https://customs.gov.az/uploads/representative/7/2e69c2ce14c4bbb93388ea4a58387f2f.pdf
customs-broker-397,"""Green Road Company"" Məhdud Məsuliyyətli Cəmiyyəti",customs_broker,397,,,,,,,,,customs.gov.az,https://customs.gov.az/uploads/representative/7/2e69c2ce14c4bbb93388ea4a58387f2f.pdf
customs-broker-398,"""Borderpro"" Məhdud Məsuliyyətli Cəmiyyəti",customs_broker,398,,,,,,,,,customs.gov.az,https://customs.gov.az/uploads/representative/7/2e69c2ce14c4bbb93388ea4a58387f2f.pdf
customs-broker-399,"""Bee Broker"" Məhdud Məsuliyyətli Cəmiyyəti",customs_broker,399,,,,,,,,,customs.gov.az,https://customs.gov.az/uploads/representative/7/2e69c2ce14c4bbb93388ea4a58387f2f.pdf
customs-broker-400,"""Nf-Broker"" Məhdud Məsuliyyətli Cəmiyyəti",customs_broker,400,,,,,,,,,customs.gov.az,https://customs.gov.az/uploads/representative/7/2e69c2ce14c4bbb93388ea4a58387f2f.pdf
customs-broker-401,"""Af Customs Services"" Məhdud Məsuliyyətli Cəmiyyəti",customs_broker,401,,,,,,,,,customs.gov.az,https://customs.gov.az/uploads/representative/7/2e69c2ce14c4bbb93388ea4a58387f2f.pdf
customs-broker-402,"""SA Finance Group"" Məhdud Məsuliyyətli Cəmiyyəti",customs_broker,402,,,,,,,,,customs.gov.az,https://customs.gov.az/uploads/representative/7/2e69c2ce14c4bbb93388ea4a58387f2f.pdf
customs-broker-403,"""Capital Brokerage"" Məhdud Məsuliyyətli Cəmiyyəti",customs_broker,403,,,,,,,,,customs.gov.az,https://customs.gov.az/uploads/representative/7/2e69c2ce14c4bbb93388ea4a58387f2f.pdf
customs-broker-404,"""E-Cert"" Məhdud Məsuliyyətli Cəmiyyəti",customs_broker,404,,,,,,,,,customs.gov.az,https://customs.gov.az/uploads/representative/7/2e69c2ce14c4bbb93388ea4a58387f2f.pdf
customs-broker-405,"""İz Broker"" Məhdud Məsuliyyətli Cəmiyyəti",customs_broker,405,,,,,,,,,customs.gov.az,https://customs.gov.az/uploads/representative/7/2e69c2ce14c4bbb93388ea4a58387f2f.pdf
customs-broker-406,"""Ns Broker"" Məhdud Məsuliyyətli Cəmiyyəti",customs_broker,406,,,,,,,,,customs.gov.az,https://customs.gov.az/uploads/representative/7/2e69c2ce14c4bbb93388ea4a58387f2f.pdf
customs-broker-407,"""Dost Broker"" Məhdud Məsuliyyətli Cəmiyyəti",customs_broker,407,,,,,,,,,customs.gov.az,https://customs.gov.az/uploads/representative/7/2e69c2ce14c4bbb93388ea4a58387f2f.pdf
customs-broker-408,"""Smy Broker"" Məhdud Məsuliyyətli Cəmiyyəti",customs_broker,408,,,,,,,,,customs.gov.az,https://customs.gov.az/uploads/representative/7/2e69c2ce14c4bbb93388ea4a58387f2f.pdf
customs-broker-409,"""Helper Transfer"" Məhdud Məsuliyyətli Cəmiyyəti",customs_broker,409,,,,,,,,,customs.gov.az,https://customs.gov.az/uploads/representative/7/2e69c2ce14c4bbb93388ea4a58387f2f.pdf
customs-broker-410,"""The Mamedovs"" Məhdud Məsuliyyətli Cəmiyyəti",customs_broker,410,,,,,,,,,customs.gov.az,https://customs.gov.az/uploads/representative/7/2e69c2ce14c4bbb93388ea4a58387f2f.pdf
customs-broker-411,"""Global Trade Solutions"" Məhdud Məsuliyyətli Cəmiyyəti",customs_broker,411,,,,,,,,,customs.gov.az,https://customs.gov.az/uploads/representative/7/2e69c2ce14c4bbb93388ea4a58387f2f.pdf
customs-broker-412,"""Parin Broker"" Məhdud Məsuliyyətli Cəmiyyəti",customs_broker,413,,,,,,,,,customs.gov.az,https://customs.gov.az/uploads/representative/7/2e69c2ce14c4bbb93388ea4a58387f2f.pdf
customs-broker-413,"""Baku Logistics and Customs Service"" Məhdud Məsuliyyətli Cəmiyyəti",customs_broker,414,,,,,,,,,customs.gov.az,https://customs.gov.az/uploads/representative/7/2e69c2ce14c4bbb93388ea4a58387f2f.pdf
customs-broker-414,"""Elite Broker"" Məhdud Məsuliyyətli Cəmiyyəti",customs_broker,415,,,,,,,,,customs.gov.az,https://customs.gov.az/uploads/representative/7/2e69c2ce14c4bbb93388ea4a58387f2f.pdf
customs-broker-415,"""Global Consulting CO"" Məhdud Məsuliyyətli Cəmiyyəti",customs_broker,416,,,,,,,,,customs.gov.az,https://customs.gov.az/uploads/representative/7/2e69c2ce14c4bbb93388ea4a58387f2f.pdf
customs-broker-416,"""Escado"" Məhdud Məsuliyyətli Cəmiyyəti",customs_broker,417,,,,,,,,,customs.gov.az,https://customs.gov.az/uploads/representative/7/2e69c2ce14c4bbb93388ea4a58387f2f.pdf
customs-broker-417,"""Ayman Logistics"" Məhdud Məsuliyyətli Cəmiyyəti",customs_broker,418,,,,,,,,,customs.gov.az,https://customs.gov.az/uploads/representative/7/2e69c2ce14c4bbb93388ea4a58387f2f.pdf
customs-broker-418,"""Ficus Group"" Məhdud Məsuliyyətli Cəmiyyəti",customs_broker,419,,,,,,,,,customs.gov.az,https://customs.gov.az/uploads/representative/7/2e69c2ce14c4bbb93388ea4a58387f2f.pdf
customs-broker-419,"""Foodcity Agropark"" Məhdud Məsuliyyətli Cəmiyyəti",customs_broker,420,,,,,,,,,customs.gov.az,https://customs.gov.az/uploads/representative/7/2e69c2ce14c4bbb93388ea4a58387f2f.pdf
customs-broker-420,"""CBS Company"" Məhdud Məsuliyyətli Cəmiyyəti",customs_broker,421,,,,,,,,,customs.gov.az,https://customs.gov.az/uploads/representative/7/2e69c2ce14c4bbb93388ea4a58387f2f.pdf
customs-broker-421,"""Trust Customs and Logistigs Services"" Məhdud Məsuliyyətli Cəmiyyəti",customs_broker,422,,,,,,,,,customs.gov.az,https://customs.gov.az/uploads/representative/7/2e69c2ce14c4bbb93388ea4a58387f2f.pdf
customs-broker-422,"""Step Broker"" Məhdud Məsuliyyətli Cəmiyyəti",customs_broker,423,,,,,,,,,customs.gov.az,https://customs.gov.az/uploads/representative/7/2e69c2ce14c4bbb93388ea4a58387f2f.pdf
customs-broker-423,"""SH Broker"" Məhdud Məsuliyyətli Cəmiyyəti",customs_broker,424,,,,,,,,,customs.gov.az,https://customs.gov.az/uploads/representative/7/2e69c2ce14c4bbb93388ea4a58387f2f.pdf
customs-broker-424,"""Lava Group Azerbaijan"" Məhdud Məsuliyyətli Cəmiyyəti",customs_broker,425,,,,,,,,,customs.gov.az,https://customs.gov.az/uploads/representative/7/2e69c2ce14c4bbb93388ea4a58387f2f.pdf
customs-broker-425,"""Nur Broker və Logistika Xidməti"" Məhdud Məsuliyyətli Cəmiyyəti",customs_broker,426,,,,,,,,,customs.gov.az,https://customs.gov.az/uploads/representative/7/2e69c2ce14c4bbb93388ea4a58387f2f.pdf
customs-broker-426,"""Naxçıvan Broker"" Məhdud Məsuliyyətli Cəmiyyəti",customs_broker,427,,,,,,,,,customs.gov.az,https://customs.gov.az/uploads/representative/7/2e69c2ce14c4bbb93388ea4a58387f2f.pdf
customs-broker-427,"""Local Broker FM"" Məhdud Məsuliyyətli Cəmiyyəti",customs_broker,428,,,,,,,,,customs.gov.az,https://customs.gov.az/uploads/representative/7/2e69c2ce14c4bbb93388ea4a58387f2f.pdf
customs-broker-428,"""Ga Broker"" Məhdud Məsuliyyətli Cəmiyyəti",customs_broker,429,,,,,,,,,customs.gov.az,https://customs.gov.az/uploads/representative/7/2e69c2ce14c4bbb93388ea4a58387f2f.pdf
customs-broker-429,"""Mbm Development Services"" Məhdud Məsuliyyətli Cəmiyyəti",customs_broker,430,,,,,,,,,customs.gov.az,https://customs.gov.az/uploads/representative/7/2e69c2ce14c4bbb93388ea4a58387f2f.pdf
customs-broker-430,"""Nf Logistics and Broker"" Məhdud Məsuliyyətli Cəmiyyəti",customs_broker,431,,,,,,,,,customs.gov.az,https://customs.gov.az/uploads/representative/7/2e69c2ce14c4bbb93388ea4a58387f2f.pdf
customs-broker-431,"""Elpo Group"" Məhdud Məsuliyyətli Cəmiyyəti",customs_broker,432,,,,,,,,,customs.gov.az,https://customs.gov.az/uploads/representative/7/2e69c2ce14c4bbb93388ea4a58387f2f.pdf
customs-broker-432,"""Agro Logistics"" Məhdud Məsuliyyətli Cəmiyyəti",customs_broker,433,,,,,,,,,customs.gov.az,https://customs.gov.az/uploads/representative/7/2e69c2ce14c4bbb93388ea4a58387f2f.pdf
customs-broker-433,"""Arno-Trans"" Məhdud Məsuliyyətli Cəmiyyəti",customs_broker,434,,,,,,,,,customs.gov.az,https://customs.gov.az/uploads/representative/7/2e69c2ce14c4bbb93388ea4a58387f2f.pdf
customs-broker-434,"""Caft"" Məhdud Məsuliyyətli Cəmiyyəti",customs_broker,435,,,,,,,,,customs.gov.az,https://customs.gov.az/uploads/representative/7/2e69c2ce14c4bbb93388ea4a58387f2f.pdf
customs-broker-435,"""Voltrex"" Məhdud Məsuliyyətli Cəmiyyəti",customs_broker,436,,,,,,,,,customs.gov.az,https://customs.gov.az/uploads/representative/7/2e69c2ce14c4bbb93388ea4a58387f2f.pdf
customs-broker-436,"""Emsar Consulting"" Məhdud Məsuliyyətli Cəmiyyəti",customs_broker,437,,,,,,,,,customs.gov.az,https://customs.gov.az/uploads/representative/7/2e69c2ce14c4bbb93388ea4a58387f2f.pdf
customs-broker-437,"""Aze Group Azterminal"" Məhdud Məsuliyyətli Cəmiyyəti",customs_broker,438,,,,,,,,,customs.gov.az,https://customs.gov.az/uploads/representative/7/2e69c2ce14c4bbb93388ea4a58387f2f.pdf
customs-broker-438,"""Azfm Broker"" Məhdud Məsuliyyətli Cəmiyyəti",customs_broker,440,,,,,,,,,customs.gov.az,https://customs.gov.az/uploads/representative/7/2e69c2ce14c4bbb93388ea4a58387f2f.pdf
customs-broker-439,"""The Brokerage"" Məhdud Məsuliyyətli Cəmiyyəti",customs_broker,441,,,,,,,,,customs.gov.az,https://customs.gov.az/uploads/representative/7/2e69c2ce14c4bbb93388ea4a58387f2f.pdf
customs-broker-440,"""My Parcel"" Məhdud Məsuliyyətli Cəmiyyəti",customs_broker,442,,,,,,,,,customs.gov.az,https://customs.gov.az/uploads/representative/7/2e69c2ce14c4bbb93388ea4a58387f2f.pdf
customs-broker-441,"""Avrasiya Broker və Logistika Xidməti"" Məhdud Məsuliyyətli Cəmiyyəti",customs_broker,443,,,,,,,,,customs.gov.az,https://customs.gov.az/uploads/representative/7/2e69c2ce14c4bbb93388ea4a58387f2f.pdf
customs-broker-442,"""Az İnternational Company"" Məhdud Məsuliyyətli Cəmiyyəti",customs_broker,445,,,,,,,,,customs.gov.az,https://customs.gov.az/uploads/representative/7/2e69c2ce14c4bbb93388ea4a58387f2f.pdf
customs-broker-443,"""One 4 Group"" Məhdud Məsuliyyətli Cəmiyyəti",customs_broker,446,,,,,,,,,customs.gov.az,https://customs.gov.az/uploads/representative/7/2e69c2ce14c4bbb93388ea4a58387f2f.pdf
customs-broker-444,"""MM Broker Group"" Məhdud Məsuliyyətli Cəmiyyəti",customs_broker,447,,,,,,,,,customs.gov.az,https://customs.gov.az/uploads/representative/7/2e69c2ce14c4bbb93388ea4a58387f2f.pdf
customs-broker-445,"""Qarabağ Logistics"" Məhdud Məsuliyyətli Cəmiyyəti",customs_broker,448,,,,,,,,,customs.gov.az,https://customs.gov.az/uploads/representative/7/2e69c2ce14c4bbb93388ea4a58387f2f.pdf
customs-broker-446,"""Lv Logistics"" Məhdud Məsuliyyətli Cəmiyyəti",customs_broker,449,,,,,,,,,customs.gov.az,https://customs.gov.az/uploads/representative/7/2e69c2ce14c4bbb93388ea4a58387f2f.pdf
customs-broker-447,"""Gp Logistics and Broker"" Məhdud Məsuliyyətli Cəmiyyəti",customs_broker,450,,,,,,,,,customs.gov.az,https://customs.gov.az/uploads/representative/7/2e69c2ce14c4bbb93388ea4a58387f2f.pdf
customs-broker-448,"""Bakı Karyera Mərkəzi"" Məhdud Məsuliyyətli Cəmiyyəti",customs_broker,451,,,,,,,,,customs.gov.az,https://customs.gov.az/uploads/representative/7/2e69c2ce14c4bbb93388ea4a58387f2f.pdf
