id,name,firm_type,director,city,address,phones,email,community_id,lawyers_search_url,has_cabinets,source,source_url
law-firm-001,AAA Vəkil Bürosu,law_firm,Atakişi Abbas Musa oğlu,Bakı,"Bakı ş., Səbail rayonu, Nizami küç., 90 A, Ləndmark Biznes mərkəzi",0124659951,,83,https://barassociation.az/lawyersearch?community=83,no,barassociation.az,https://barassociation.az/communities?page=1
law-firm-002,Abşeron rayon Vəkil Bürosu,law_firm,Əliyev Muğan Xasay oğlu,Abşeron,"Abşeron rayonu, Xırdalan şəhəri, H.Əliyev prospekti 243",+994123422708,,29,https://barassociation.az/lawyersearch?community=29,no,barassociation.az,https://barassociation.az/communities?page=1
law-firm-003,AİM Vəkil Bürosu,law_firm,Rəhimov Şahin Qafar oğlu,Bakı,"Bakı şəhəri, Nərimanov rayonu, Ziya Bünyadov prospekti 13/34","+994125616828 , +994516000858",,24,https://barassociation.az/lawyersearch?community=24,no,barassociation.az,https://barassociation.az/communities?page=1
law-firm-004,Alfa Vəkil Bürosu,law_firm,Cəfərov Cavid Novruz oğlu,,"Binəqədi r.,Eldar Babayev küç 3024cü məhəllə korpus 1 ev 4V","+994553399329 , +994502399329",,146,https://barassociation.az/lawyersearch?community=146,no,barassociation.az,https://barassociation.az/communities?page=1
law-firm-005,Alibi Vəkil Bürosu,law_firm,Həsənov Fərid İzafət oğlu,Bakı,"Bakı şəh.,Nərimanov ray.,Ziya Bünyadov pr. 1965-ci məhəllə","+994507982255 , +994507982255",,149,https://barassociation.az/lawyersearch?community=149,no,barassociation.az,https://barassociation.az/communities?page=1
law-firm-006,Alyans Vəkil Bürosu,law_firm,Kəngərli Orxan Rüstəm oğlu,Bakı,"Bakı şəh., Xətai rayonu, Y.Səfərov küç., bina 23a, Kristal plaza 7-ci mərtəbə",0124908378,,107,https://barassociation.az/lawyersearch?community=107,no,barassociation.az,https://barassociation.az/communities?page=1
law-firm-007,Arbitrium Vəkil Bürosu,law_firm,Mehdiyev Polad Aley oğlu,Bakı,"Bakı şəhəri, Nərimanov rayonu, Əlicabbar Orucəliyev küçəsi 116-118",+994552933139,lawfirmarbitrium@gmail.com,92,https://barassociation.az/lawyersearch?community=92,no,barassociation.az,https://barassociation.az/communities?page=1
law-firm-008,As Leqal Vəkil Bürosu,law_firm,Quliyev Sahil Əziz oğlu,Bakı,"Bakı şəh., Səbail ray., Akademik Əhəd Yaqubov küç., ev 1",+994557001909,,129,https://barassociation.az/lawyersearch?community=129,no,barassociation.az,https://barassociation.az/communities?page=2
law-firm-009,Aslan İsmayılov və Partnyorları Vəkil Bürosu,law_firm,Məmmədov Kənan Nazim oğlu,Bakı,"Bakı şəh., Səbail ray., Nizami küç., ev 58, mənzil 4/6","0124989883 , 0553003519",,130,https://barassociation.az/lawyersearch?community=130,no,barassociation.az,https://barassociation.az/communities?page=2
law-firm-010,Astara rayon Vəkil Bürosu,law_firm,Cəfərov Umud Natiq oğlu,Astara,"Astara şəhəri,Heydər Əliyev prospekti 48C",+994557786868,,73,https://barassociation.az/lawyersearch?community=73,no,barassociation.az,https://barassociation.az/communities?page=2
law-firm-011,Ağcabədi rayon Vəkil Bürosu,law_firm,Əmirov Əbülhəsən Hüsaməddin oğlu,Ağcəbədi,"Ağcəbədi şəhəri, Ü.Hacıbəyli küçəsi 153","+994212751828 , +994503531653",,40,https://barassociation.az/lawyersearch?community=40,no,barassociation.az,https://barassociation.az/communities?page=1
law-firm-012,Ağdaş rayon Vəkil Bürosu,law_firm,Abdullayev Ehtibar Vaqif oğlu,,Ağdaş şəh. Müşviq İsayev küç 19a,"+994507834545 , +994103119862",,147,https://barassociation.az/lawyersearch?community=147,no,barassociation.az,https://barassociation.az/communities?page=1
law-firm-013,Ağsu rayon Vəkil Bürosu,law_firm,Kazımov Ziya Məhərrəm oğlu,Ağsu,"Ağsu şəhəri,Molla Vəli Vidadi küçəsi,78",+994555250728,,145,https://barassociation.az/lawyersearch?community=145,no,barassociation.az,https://barassociation.az/communities?page=1
law-firm-014,Bakı şəhəri 1 saylı Vəkil Bürosu,law_firm,Bəhrəmiyyə İlqar Camal oğlu,Bakı,"Bakı şəhəri,Nərimanov rayonu, Azadlıq prospekti,giriş 225 ,M3, m2 AZ 1022",+994502336623,,151,https://barassociation.az/lawyersearch?community=151,no,barassociation.az,https://barassociation.az/communities?page=2
law-firm-015,Bakı şəhəri 10 saylı Vəkil Bürosu,law_firm,Nəcəfov Eldar Məmməd oğlu,Bakı,"Bakı şəhəri, Qaradağ rayonu, Lökbatan qəsəbəsi, Bünyadzadə küçəsi 3",+994124454116,,10,https://barassociation.az/lawyersearch?community=10,no,barassociation.az,https://barassociation.az/communities?page=2
law-firm-016,Bakı şəhəri 11 saylı Vəkil Bürosu,law_firm,Quliyev Azər Şahbala oğlu,Bakı,"Bakı şəhəri, Binəqədi rayonu, 7-ci mkr, A.Kunanbayev küçəsi, ev 3, mənzil 138",+994125613654,,11,https://barassociation.az/lawyersearch?community=11,no,barassociation.az,https://barassociation.az/communities?page=2
law-firm-017,Bakı şəhəri 12 saylı Vəkil Bürosu,law_firm,Məmmədov Fariz Fikrət oğlu,Bakı,"Bakı şəhəri, Səbail rayonu, Zərifə Əliyeva küçəsi 57A","+994124939450 , +994124936666",,12,https://barassociation.az/lawyersearch?community=12,no,barassociation.az,https://barassociation.az/communities?page=2
law-firm-018,Bakı şəhəri 13 saylı Vəkil Bürosu,law_firm,Rəsulov Arif Əmrulla oğlu,Bakı,"Bakı şəhəri, Xətai rayonu, Neapol küçəsi 9A",+994123758550,,13,https://barassociation.az/lawyersearch?community=13,no,barassociation.az,https://barassociation.az/communities?page=2
law-firm-019,Bakı şəhəri 14 saylı Vəkil Bürosu,law_firm,Qasımov Telman Abiəli oğlu,Bakı,"Bakı şəhəri, Nəsimi rayonu, Mirəli Qaşqay küçəsi 24","+994124406714 , +994124405171",,14,https://barassociation.az/lawyersearch?community=14,no,barassociation.az,https://barassociation.az/communities?page=2
law-firm-020,Bakı şəhəri 15 saylı Vəkil Bürosu,law_firm,Xasayev Vüqar Nəriman oğlu,Bakı,"Bakı şəhəri, Nərimanov rayonu, Firdovsi Məmmədov küçəsi 12",+994124960796,,15,https://barassociation.az/lawyersearch?community=15,no,barassociation.az,https://barassociation.az/communities?page=2
law-firm-021,Bakı şəhəri 16 saylı Vəkil Bürosu,law_firm,Abbasov Elxan Lətif oğlu,Bakı,"Bakı şəhəri, Nərimanov rayonu, Ağa Neymətulla küçəsi 23",+994125674849,,16,https://barassociation.az/lawyersearch?community=16,no,barassociation.az,https://barassociation.az/communities?page=3
law-firm-022,Bakı şəhəri 17 saylı Vəkil Bürosu,law_firm,Həsənova Sevinc Eldar qızı,Bakı,"Bakı şəhəri, Yasamal rayonu, Z.Xəlilov küçəsi, 523-cü məhəllə, ev 2/11",+994125105341,,17,https://barassociation.az/lawyersearch?community=17,no,barassociation.az,https://barassociation.az/communities?page=3
law-firm-023,Bakı şəhəri 18 saylı Vəkil Bürosu,law_firm,Məmmədov Qara Məhərrəm oğlu,Nəsimi,"Nəsimi rayonu, Asif Məhərrəmov küçəsi 15",+994124319124,,44,https://barassociation.az/lawyersearch?community=44,no,barassociation.az,https://barassociation.az/communities?page=3
law-firm-024,Bakı şəhəri 19 saylı Vəkil Bürosu,law_firm,Hüseynzadə Vüqar Nadir oğlu,Bakı,"Bakı şəhəri, Nəsimi rayonu, C.Səlimov küçəsi 101",+994124471919,,47,https://barassociation.az/lawyersearch?community=47,no,barassociation.az,https://barassociation.az/communities?page=3
law-firm-025,Bakı şəhəri 2 saylı Vəkil Bürosu,law_firm,Məmmədova Rəna Məhəmməd qızı,Bakı,"Bakı şəhəri, Nəsimi rayonu, Bəşir Səfəroğlu küçəsi 172",+994125940022,,2,https://barassociation.az/lawyersearch?community=2,no,barassociation.az,https://barassociation.az/communities?page=3
law-firm-026,Bakı şəhəri 20 saylı Vəkil Bürosu,law_firm,Həsənova İlhamə Zakir qızı,Bakı,"Bakı şəhəri, Nərimanov rayonu,Xan Şuşinski 158",0124499111,,48,https://barassociation.az/lawyersearch?community=48,no,barassociation.az,https://barassociation.az/communities?page=3
law-firm-027,Bakı şəhəri 21 saylı Vəkil Bürosu,law_firm,Hüseynov Xaliq Nazim oğlu,Bakı,"Bakı şəhəri, Səbail rayonu, İstiqlaliyyət küçəsi 65B",+994992449999,,51,https://barassociation.az/lawyersearch?community=51,no,barassociation.az,https://barassociation.az/communities?page=3
law-firm-028,Bakı şəhəri 22 saylı Vəkil Bürosu,law_firm,Muradlı Mehman Telman oğlu,Bakı,"Bakı şəhəri, Yasamal rayonu, Zahid Xəlilov 65",+994502108172,,52,https://barassociation.az/lawyersearch?community=52,no,barassociation.az,https://barassociation.az/communities?page=3
law-firm-029,Bakı şəhəri 23 saylı Vəkil Bürosu,law_firm,Hacılı Pərviz Faiq oğlu,Bakı,"Bakı şəhəri, Nəsimi rayonu, Mərdanov qardaşları küçəsi 102",+994502109563,,54,https://barassociation.az/lawyersearch?community=54,no,barassociation.az,https://barassociation.az/communities?page=3
law-firm-030,Bakı şəhəri 24 saylı Vəkil Bürosu,law_firm,Quliyev Elmar Allahverdi oğlu,Bakı,"Bakı şəhəri, Yasamal rayonu, Mətbuat prospekti 18/7, 539-cu məhəllə",+994125387670,,68,https://barassociation.az/lawyersearch?community=68,no,barassociation.az,https://barassociation.az/communities?page=3
law-firm-031,Bakı şəhəri 25 saylı Vəkil Bürosu,law_firm,Mədətov Asif Hökümalı oğlu,Bakı,"Bakı şəhəri, Nərimanov rayonu, 851-ci məhəllə, Həsənoğlu küçəsi 10",+994502558814,,55,https://barassociation.az/lawyersearch?community=55,no,barassociation.az,https://barassociation.az/communities?page=4
law-firm-032,Bakı şəhəri 26 saylı Vəkil Bürosu,law_firm,Səfərov Paşa İbiş oğlu,Bakı,"Bakı şəhəri, Yasamal rayonu, H.Zərdabi küçəsi, bina 78B",+99455 4342426,,56,https://barassociation.az/lawyersearch?community=56,no,barassociation.az,https://barassociation.az/communities?page=4
law-firm-033,Bakı şəhəri 27 saylı Vəkil Bürosu,law_firm,Verdiyev Rasim Qafar oğlu,Bakı,"Bakı şəhəri, Yasamal rayonu, Moskva (Tbilisi) prospekti 49",+99455 331 48 77,,76,https://barassociation.az/lawyersearch?community=76,no,barassociation.az,https://barassociation.az/communities?page=4
law-firm-034,Bakı şəhəri 28 saylı Vəkil Bürosu,law_firm,Əliyev Hikmət Vilayət oğlu,Bakı,"Bakı şəhəri, Yasamal rayonu,İnşaatçılar prospekti , ev 5",+994552320070,,77,https://barassociation.az/lawyersearch?community=77,no,barassociation.az,https://barassociation.az/communities?page=4
law-firm-035,Bakı şəhəri 29 saylı Vəkil Bürosu,law_firm,Poladova Aytən Esman qızı,Bakı,"Bakı şəhəri, Nizami rayonu, Heydər Əliyev prospekti, ev 115",+994552103911,,81,https://barassociation.az/lawyersearch?community=81,no,barassociation.az,https://barassociation.az/communities?page=4
law-firm-036,Bakı şəhəri 3 saylı Vəkil Bürosu,law_firm,Abiyev Zaur Əzizağa oğlu,Bakı,"Bakı şəhəri, Səbail rayonu, İstiqlaliyyət küçəsi 65B","+994124929236 , +994124924043",,3,https://barassociation.az/lawyersearch?community=3,no,barassociation.az,https://barassociation.az/communities?page=4
law-firm-037,Bakı şəhəri 30 saylı Vəkil Bürosu,law_firm,Əliyev Orxan Əli oğlu,Bakı,"Bakı ş., Nobel prospekti, 15",0504405740,,86,https://barassociation.az/lawyersearch?community=86,no,barassociation.az,https://barassociation.az/communities?page=4
law-firm-038,Bakı şəhəri 31 saylı Vəkil Bürosu,law_firm,Əhmədova Aysel Zöhrab qızı,Bakı,"Bakı şəhəri, Ak. Həsən Əliyev küçəsi 36, 1 saylı ""ASAN Xidmət"" Mərkəzi",+994512151047,,80,https://barassociation.az/lawyersearch?community=80,no,barassociation.az,https://barassociation.az/communities?page=4
law-firm-039,Bakı şəhəri 32 saylı Vəkil Bürosu,law_firm,Heydərov Çingiz Məmmədxan oğlu,Bakı,"Bakı şəhəri, Yasamal rayonu, A.Abbasov küçəsi, ev 12, qapı-2",+994503254446,,120,https://barassociation.az/lawyersearch?community=120,no,barassociation.az,https://barassociation.az/communities?page=4
law-firm-040,Bakı şəhəri 33 saylı Vəkil Bürosu,law_firm,Süleymanlı Elxan Bəhmən oğlu,Bakı,"Bakı şəhəri, Nəsimi rayonu, A.Salamzadə küç. 1058",+994502221533,,108,https://barassociation.az/lawyersearch?community=108,no,barassociation.az,https://barassociation.az/communities?page=4
law-firm-041,Bakı şəhəri 34 saylı Vəkil Bürosu,law_firm,İsgəndərli Könül Teyyub qızı,Bakı,"Bakı şəhəri, 6 saylı Asan Xidmət Mərkəzi",0552109019,,109,https://barassociation.az/lawyersearch?community=109,no,barassociation.az,https://barassociation.az/communities?page=5
law-firm-042,Bakı şəhəri 35 saylı Vəkil Bürosu,law_firm,Quliyev Ülvi İsa oğlu,Bakı,"Bakı şəhəri, Nəsimi rayonu, Asif Məhərrəmov küç., ev 24A, m7",0504312525,,110,https://barassociation.az/lawyersearch?community=110,no,barassociation.az,https://barassociation.az/communities?page=5
law-firm-043,Bakı şəhəri 36 saylı Vəkil Bürosu,law_firm,Bayramov Ceyhun Qəhrəman oğlu,Bakı,"Bakı şəh., Yasamal r., Murad Mirzəyev küç, 113",0706451111,,117,https://barassociation.az/lawyersearch?community=117,no,barassociation.az,https://barassociation.az/communities?page=5
law-firm-044,Bakı şəhəri 37 saylı Vəkil Bürosu,law_firm,Əliyev Kəramət Fətəli oğlu,Bakı,"Bakı şəhəri, Nərimanov r., Məmməd Araz küç., ev 112c",0503149362,,126,https://barassociation.az/lawyersearch?community=126,no,barassociation.az,https://barassociation.az/communities?page=5
law-firm-045,Bakı şəhəri 38 saylı Vəkil Bürosu,law_firm,Mahmudov Orxan Fəqail oğlu,Bakı,"Bakı şəhəri, Nəsimi rayonu, Mirəsədulla Mirqasımov küç., 55, M3, m1",+994556012730,,128,https://barassociation.az/lawyersearch?community=128,no,barassociation.az,https://barassociation.az/communities?page=5
law-firm-046,Bakı şəhəri 39 saylı Vəkil Bürosu,law_firm,Məmmədova Yeganə Bayram qızı,Bakı,"Bakı şəhəri, Yasmal rayonu, Tbilisi pr. 57c",+994507409198,,102,https://barassociation.az/lawyersearch?community=102,no,barassociation.az,https://barassociation.az/communities?page=5
law-firm-047,Bakı şəhəri 4 saylı Vəkil Bürosu,law_firm,İbrahimov Ramiz Hilal oğlu,Bakı,"Bakı şəhəri, Yasamal rayonu, Balababa Məcidov küçəsi 48A","+994125947078 , +994125944940 , 594-55-76",,4,https://barassociation.az/lawyersearch?community=4,no,barassociation.az,https://barassociation.az/communities?page=5
law-firm-048,Bakı şəhəri 5 saylı Vəkil Bürosu,law_firm,Quliyev Elxan Ağalar oğlu,Bakı,"Bakı şəhəri, Nəsimi rayonu, Azadlıq prospekti 56C",+994124404545,,5,https://barassociation.az/lawyersearch?community=5,no,barassociation.az,https://barassociation.az/communities?page=5
law-firm-049,Bakı şəhəri 6 saylı Vəkil Bürosu,law_firm,Aslanov Elxan Tərlan oğlu,Bakı,"Bakı şəhəri, Nizami rayonu, A.Manafov küçəsi 106C","+994124213024 , +994124212103",,6,https://barassociation.az/lawyersearch?community=6,no,barassociation.az,https://barassociation.az/communities?page=5
law-firm-050,Bakı şəhəri 7 saylı Vəkil Bürosu,law_firm,Qəhrəmanova Qəmizə Salman qızı,Bakı,"Bakı şəhəri, Sabunçu rayonu, Bakıxanov qəsəbəsi, Mehmandarov küçəsi 1",+994124255131,,7,https://barassociation.az/lawyersearch?community=7,no,barassociation.az,https://barassociation.az/communities?page=5
law-firm-051,Bakı şəhəri 8 saylı Vəkil Bürosu,law_firm,Musayev Zaur Xəlil oğlu,Bakı,"Bakı şəhəri, Xəzər rayonu, Mərdəkan qəsəbəsi, Telman küçəsi 3",+994124544570,,8,https://barassociation.az/lawyersearch?community=8,no,barassociation.az,https://barassociation.az/communities?page=6
law-firm-052,Bakı şəhəri 9 saylı Vəkil Bürosu,law_firm,Əliyarov Eldar Məmmədhüseyn oğlu,Bakı,"Bakı şəhəri, Suraxanı rayonu, Səttar Bəhlulzadə küç 17","+994124581413 , +994124583037",,9,https://barassociation.az/lawyersearch?community=9,no,barassociation.az,https://barassociation.az/communities?page=6
law-firm-053,Bakı şəhəri Mərkəz Vəkil Bürosu,law_firm,Salmanova Gülşən Arif qızı,Bakı,"Bakı şəhəri, Yasamal rayonu, Azərbaycan prospekti 26","+994125941995 , +994125960473",,1,https://barassociation.az/lawyersearch?community=1,no,barassociation.az,https://barassociation.az/communities?page=6
law-firm-054,Balakən rayon Vəkil Bürosu,law_firm,Daanov Ceyhun Rauf oğlu,Balakən,"Balakən şəhəri, H.Əliyev prospekti",0506335233,,101,https://barassociation.az/lawyersearch?community=101,no,barassociation.az,https://barassociation.az/communities?page=6
law-firm-055,Beyləqan rayon Vəkil Bürosu,law_firm,Rüstəmov Fəxri Sərvaz oğlu,Beyləqan,"Beyləqan şəhəri, H.Əliyev küçəsi 12",+994502219601,,95,https://barassociation.az/lawyersearch?community=95,no,barassociation.az,https://barassociation.az/communities?page=6
law-firm-056,BHM və Partnyorları Vəkil Bürosu,law_firm,Həsənov Vasif Rəsul oğlu,Bakı,"“SKS” Plaza, 7-ci mərtəbə, Füzuli küç. 49, AZ1014 Bakı şəhəri.",+994124800088,,46,https://barassociation.az/lawyersearch?community=46,no,barassociation.az,https://barassociation.az/communities?page=6
law-firm-057,Biləsuvar rayon Vəkil Bürosu,law_firm,Mütəllimov Mehman İman oğlu,Biləsuvar,"Biləsuvar şəhəri, 8 Mart küçəsi",+994503392747,,93,https://barassociation.az/lawyersearch?community=93,no,barassociation.az,https://barassociation.az/communities?page=6
law-firm-058,BM Morrison və Partnyorları Vəkil Bürosu,law_firm,Səfərova Leyla Qabil qızı,Bakı,"Bakı ş., Nərimanov r., Məmməd Araz küç., ev 25",0124971915,,85,https://barassociation.az/lawyersearch?community=85,no,barassociation.az,https://barassociation.az/communities?page=6
law-firm-059,Bərdə rayon Vəkil Bürosu,law_firm,İsayeva Xanım Yusif qızı,Bərdə,"Bərdə şəhəri, Gəncə küçəsi 4",+994202056540,,36,https://barassociation.az/lawyersearch?community=36,no,barassociation.az,https://barassociation.az/communities?page=6
law-firm-060,Culfa rayon Vəkil Bürosu,law_firm,Seyidov Mircəlal Cəfər oğlu,Culfa,Culfa rayonu,+994707432215,,150,https://barassociation.az/lawyersearch?community=150,no,barassociation.az,https://barassociation.az/communities?page=6
law-firm-061,Cəlilabad rayon Vəkil Bürosu,law_firm,Şükürov Ədalət Müslüm oğlu,Cəlilabad,"Cəlilabad şəhəri, H.Əliyev prospekti 157",+994503442744,,35,https://barassociation.az/lawyersearch?community=35,no,barassociation.az,https://barassociation.az/communities?page=7
law-firm-062,De Fendo Vəkil Bürosu,law_firm,Mikayılov Arslan Eldar oğlu,Bakı,"Bakı şəhəri, Nərimanov rayonu, Akademik Həsən Əliyev küçəsi 82F",+994554652252,,121,https://barassociation.az/lawyersearch?community=121,no,barassociation.az,https://barassociation.az/communities?page=7
law-firm-063,Ekol Vəkil Bürosu,law_firm,İsayev Emin Ağamməd oğlu,Bakı,"Bakı şəh., Nəsimi ray, S.Vurğun 58",+994552676393,,113,https://barassociation.az/lawyersearch?community=113,no,barassociation.az,https://barassociation.az/communities?page=7
law-firm-064,Entilex Law Group Vəkil Bürosu,law_firm,Qulamov Ceyhun Oqtay oğlu,Bakı,"Bakı şəhəri, Nəsimi rayonu, Bülbül prospekti, bina 56A",+994555997779,,70,https://barassociation.az/lawyersearch?community=70,no,barassociation.az,https://barassociation.az/communities?page=7
law-firm-065,Faiq Nağıyev və Partnyorları Vəkil Bürosu,law_firm,Nağıyev Faiq Yavər oğlu,Bakı,"Bakı şəhəri, Nəsimi rayonu, Ak. Həsən Əliyev, ev 7c",0125991592,,58,https://barassociation.az/lawyersearch?community=58,no,barassociation.az,https://barassociation.az/communities?page=7
law-firm-066,Fairness Vəkil Bürosu,law_firm,Bağırzadə Nofəl İsax oğlu,Bakı,"Bakı şəhəri, Nəsimi rayonu, H.Ələsgərov küç. 35",+994502062271,,152,https://barassociation.az/lawyersearch?community=152,no,barassociation.az,https://barassociation.az/communities?page=7
law-firm-067,Femida Vəkil Bürosu,law_firm,Məmmədov Pənah Murad oğlu,Bakı,"Bakı şəhəri, Nərimanov rayonu, İ.Həsənoğlu küçəsi 4 AZ1033 Baku, Azerbaijan",0125660015,,53,https://barassociation.az/lawyersearch?community=53,no,barassociation.az,https://barassociation.az/communities?page=7
law-firm-068,Fides Vəkil Bürosu,law_firm,Zeynalov Orxan Rauf oğlu,Bakı,"Bakı şəhəri, Nəsimi rayonu, 307-ci məhəllə, Füzuli küçəsi 47","+994124989595 , +994552116663",,63,https://barassociation.az/lawyersearch?community=63,no,barassociation.az,https://barassociation.az/communities?page=7
law-firm-069,Fortiori Vəkil Bürosu,law_firm,Şirinov Sənan İkram oğlu,,Ayaz Ismayilov 8A,0124607038,,136,https://barassociation.az/lawyersearch?community=136,no,barassociation.az,https://barassociation.az/communities?page=7
law-firm-070,Goranboy rayon Vəkil Bürosu,law_firm,Verdiyev Ədalət Hüseyn oğlu,Goranboy,"Goranboy şəhəri, M.F.Axundov küçəsi 22.",0504637470,,74,https://barassociation.az/lawyersearch?community=74,no,barassociation.az,https://barassociation.az/communities?page=7
law-firm-071,Göygöl rayon Vəkil Bürosu,law_firm,Tağıyev Şahlar Tahir oğlu,Göygöl,"Göygöl şəhəri, H.Əliyev prospekti, ev 23, mənzil 1",+994707242031,,90,https://barassociation.az/lawyersearch?community=90,no,barassociation.az,https://barassociation.az/communities?page=8
law-firm-072,Göyçay rayon Vəkil Bürosu,law_firm,Həsənova Mətanət Rəhim qızı,Göyçay,"Göyçay şəhəri, M.Ə.Rəsulzadə küçəsi 118A",+9942743037,,82,https://barassociation.az/lawyersearch?community=82,no,barassociation.az,https://barassociation.az/communities?page=8
law-firm-073,Güvən Vəkil Bürosu,law_firm,Babayev Vüqar İsa oğlu,Bakı,"Bakı şəh., Nəsimi ray., S.Vurğun küç., 83",+994504906846,,131,https://barassociation.az/lawyersearch?community=131,no,barassociation.az,https://barassociation.az/communities?page=8
law-firm-074,Gəncə ASAN Vəkil Bürosu,law_firm,Əliyev Natiq İltifat oğlu,Gəncə,"Gəncə şəhəri, Heydər Əliyev prospekti 269",0222651194,,111,https://barassociation.az/lawyersearch?community=111,no,barassociation.az,https://barassociation.az/communities?page=8
law-firm-075,Gəncə Regional Vəkil Bürosu,law_firm,Əliyev Camal Mübariz oğlu,Gəncə,"Gəncə şəhəri,Həsən Əliyev küçəsi 49",+994222563859,,27,https://barassociation.az/lawyersearch?community=27,no,barassociation.az,https://barassociation.az/communities?page=8
law-firm-076,Gəncə şəhər 2 saylı Vəkil Bürosu,law_firm,Abdullayev Anar Məmmədəli oğlu,,"Heydər Əliyev prospekti 269, Gəncə 2000",0556428866,,140,https://barassociation.az/lawyersearch?community=140,no,barassociation.az,https://barassociation.az/communities?page=8
law-firm-077,HGNS Kaunsilor Vəkil Bürosu,law_firm,Əliyev Nihad Sahib oğlu,Bakı,"Bakı şəhəri,Yasamal rayonu. Murtuza Muxtarov 201.",+994 12 436 84 79,,137,https://barassociation.az/lawyersearch?community=137,no,barassociation.az,https://barassociation.az/communities?page=8
law-firm-078,Hümbətov və Partnyorları Vəkil Bürosu,law_firm,Əfəndiyev Sadiq Akif oğlu,Bakı,"Bakı ş., Səbail rayonu, Cəfərov Qardaşları küç., ev 21, mənzil 27","+994124936070 , 0504378757 , 498-56-49",,19,https://barassociation.az/lawyersearch?community=19,no,barassociation.az,https://barassociation.az/communities?page=8
law-firm-079,İmişli rayon Vəkil Bürosu,law_firm,Quliyev Fəyyaz Əbdi oğlu,İmişli,"İmişli şəhəri, S.Əsədov küçəsi 3",+994503383294,,71,https://barassociation.az/lawyersearch?community=71,no,barassociation.az,https://barassociation.az/communities?page=8
law-firm-080,İsmayılbəyli və Partnyorları Vəkil Bürosu,law_firm,Əliyeva Sevinc Alı qızı,,"SAT Plaza, 7-ci mərtəbə, B.Səfər oğlu küçəsi 133",+994502405430,,62,https://barassociation.az/lawyersearch?community=62,no,barassociation.az,https://barassociation.az/communities?page=8
law-firm-081,İsmayıllı rayon Vəkil Bürosu,law_firm,İsmayılov İslam Abduləziz oğlu,İsmayıllı,"İsmayıllı şəhəri, Ə.Ələkbərzadə keç., 2B",+994503642102,,99,https://barassociation.az/lawyersearch?community=99,no,barassociation.az,https://barassociation.az/communities?page=9
law-firm-082,İstiqlal Vəkil Bürosu,law_firm,Əlixanlı Elgün İsa oğlu,,"Azərbaycan Respublikası, Quba şəhəri, Heydər Əliyev prospekti 1",+994703019223,,96,https://barassociation.az/lawyersearch?community=96,no,barassociation.az,https://barassociation.az/communities?page=9
law-firm-083,Kamandar Nəsibov və Partnyorları Vəkil Bürosu,law_firm,Nəsibov Kamandar Rəfi oğlu,Bakı,"Bakı şəh., Səbail ray., Z. Yusifzadə küç, 133, ""A"" girişi","+994502214774 , 0123771202/03/04",,100,https://barassociation.az/lawyersearch?community=100,no,barassociation.az,https://barassociation.az/communities?page=9
law-firm-084,Kaspian Leqal Vəkil Bürosu,law_firm,Nəbili Fərid Nəbi oğlu,Bakı,"Bakı şəhəri, Xətai rayonu, 1212-ci məhəllə, Nobel pr., 15",0502898973,,122,https://barassociation.az/lawyersearch?community=122,no,barassociation.az,https://barassociation.az/communities?page=9
law-firm-085,Kaspian Vəkil Bürosu,law_firm,Səmədov Ruzi Emin oğlu,,"Caspian plaza, 3-cü korpus, 15-ci mərtəbə",(+99412) 3103431,,104,https://barassociation.az/lawyersearch?community=104,no,barassociation.az,https://barassociation.az/communities?page=9
law-firm-086,KERMUR ixtisaslaşdırılmış Vəkil Bürosu,law_firm,Kərimov Fuad Sabir oğlu,Bakı,"Bakı şəhəri, Nəsimi rayonu, Səməd Vurğun küçəsi 123a",+994125966565,,20,https://barassociation.az/lawyersearch?community=20,no,barassociation.az,https://barassociation.az/communities?page=9
law-firm-087,Kiçikbəyov və Partnyorları Vəkil Bürosu,law_firm,Kiçiybəyov Emin Atabəy oğlu,Bakı,"Bakı şəh., Xətai r., 8 noyabr küç., 1212-ci məh., ev 15, 153 saylı ofis",+994554310401,,127,https://barassociation.az/lawyersearch?community=127,no,barassociation.az,https://barassociation.az/communities?page=9
law-firm-088,Konsensus Vəkil Bürosu,law_firm,Ömərov Cianşa İlyas oğlu,Mingəçevir,"Mingəçevir şəhəri, ""ASAN Xidmət"" Mərkəzi",+994553251177,,88,https://barassociation.az/lawyersearch?community=88,no,barassociation.az,https://barassociation.az/communities?page=9
law-firm-089,Kredo Vəkil Bürosu,law_firm,Səlimov Elvin Əliyusif oğlu,Bakı,"Bakı şəhəri, Yasamal rayonu, 501-ci məhəllə, Mikayıl Müşfiq küçəsi 2K",+994125396532,,65,https://barassociation.az/lawyersearch?community=65,no,barassociation.az,https://barassociation.az/communities?page=9
law-firm-090,Kəngərli və Partnyorları Vəkil Bürosu,law_firm,Kəngərli İsmayıl İlham oğlu,Bakı,"Bakı şəhəri, M.F.Axundov küçəsi 179A",+994557112233,,50,https://barassociation.az/lawyersearch?community=50,no,barassociation.az,https://barassociation.az/communities?page=9
law-firm-091,LCG Vəkil Bürosu,law_firm,Babayev Samir Qabil oğlu,Bakı,"Bakı şəhəri, Heydər Əliyev prospekti 96A",+994503244921,,49,https://barassociation.az/lawyersearch?community=49,no,barassociation.az,https://barassociation.az/communities?page=10
law-firm-092,Legalis Vəkil Bürosu,law_firm,Əliyev Əmir İbrahim oğlu,Bakı,"Bakı şəhəri, Nəsimi ray., Akademik Mirəli Qaşqay küç., ev 79A",+994503313166,,153,https://barassociation.az/lawyersearch?community=153,no,barassociation.az,https://barassociation.az/communities?page=10
law-firm-093,Leqal Servis Vəkil Bürosu,law_firm,Ələsgərov Nadir Çərkəz oğlu,Bakı,"Bakı şəhəri, Ü.Hacıbəyli küç., 62",0506242131,,133,https://barassociation.az/lawyersearch?community=133,no,barassociation.az,https://barassociation.az/communities?page=10
law-firm-094,Leqal Vəkil Bürosu,law_firm,Cəfərov Ceyhun Pöhrüz oğlu,Bakı,"Bakı şəh., Nərimanov ray., Həsən Əliyev küç., 139 ""B""",+994552126221,,119,https://barassociation.az/lawyersearch?community=119,no,barassociation.az,https://barassociation.az/communities?page=10
law-firm-095,Libra Vəkil Bürosu,law_firm,Əliyev Fuad Asif oğlu,Bakı,"Bakı şəhəri, Nəsimi rayonu, Kərpic küçəsi, ev 16",+994552460708,,94,https://barassociation.az/lawyersearch?community=94,no,barassociation.az,https://barassociation.az/communities?page=10
law-firm-096,Lider Vəkil Bürosu,law_firm,Ələkbərov İlqar Əli oğlu,Bakı,"Bakı şəhəri, 8-ci km qəsəbəsi, Qara Qarayev küçəsi 81",+994502996787,,21,https://barassociation.az/lawyersearch?community=21,no,barassociation.az,https://barassociation.az/communities?page=10
law-firm-097,Lənkəran rayon Vəkil Bürosu,law_firm,Atakişiyev Faiq Mehrəli oğlu,Lənkəran,"Lənkəran şəhəri, Nizami küçəsi 3",+994252551106,,30,https://barassociation.az/lawyersearch?community=30,no,barassociation.az,https://barassociation.az/communities?page=10
law-firm-098,Masallı rayon Vəkil Bürosu,law_firm,Şahmarov Tofiq Şirin oğlu,Masallı,"Masallı şəhəri, Heydər Əliyev prospekti 93",+994503339240,,38,https://barassociation.az/lawyersearch?community=38,no,barassociation.az,https://barassociation.az/communities?page=10
law-firm-099,MBM Vəkil Bürosu,law_firm,Mənsimzadə Rəfail Alı oğlu,Bakı,"Bakı şəh., Nəsimi rayonu, Səməd Vurğun küç 34 (AF MALL iş mərkəzi, 4-cü mər., otaq 4)",+994125982354,,22,https://barassociation.az/lawyersearch?community=22,no,barassociation.az,https://barassociation.az/communities?page=10
law-firm-100,Medleks Vəkil Bürosu,law_firm,Əzizov Elxan Nizami oğlu,Bakı,"Bakı şəhəri, Nərimanov rayonu, Təbriz küçəsi 122",+994502202021,,142,https://barassociation.az/lawyersearch?community=142,no,barassociation.az,https://barassociation.az/communities?page=10
law-firm-101,Mingəçevir şəhər Vəkil Bürosu,law_firm,Yunusov Kamil Məhərrəm oğlu,Mingəçevir,"Mingəçevir şəhəri, Səməd Vurğun küç. 18",+994505170344,,59,https://barassociation.az/lawyersearch?community=59,no,barassociation.az,https://barassociation.az/communities?page=11
law-firm-102,Mirzəyev və Partnyorları Vəkil Bürosu,law_firm,Mirzəyev Səyyad Şakir oğlu,Bakı,"Bakı şəhəri, Nəsimi rayonu, 307-ci məhəllə, Füzuli küçəsi 47",+994123100988,,78,https://barassociation.az/lawyersearch?community=78,no,barassociation.az,https://barassociation.az/communities?page=11
law-firm-103,Naxçıvan ASAN Vəkil Bürosu,law_firm,Vəliyev Əsədulla Xanməmməd oğlu,Naxçıvan,"Naxçıvan şəhəri, Seyid Cəfər Pişəvəri 7, AZ 7000",+994552140218,,144,https://barassociation.az/lawyersearch?community=144,no,barassociation.az,https://barassociation.az/communities?page=11
law-firm-104,Naxçıvan Muxtar Respublikasının Vəkillər Kollegiyası,law_firm,Həsənov Vüsal Heydər oğlu,Naxçıvan,"Naxçıvan şəhəri, C.Məmmədquluzadə küçəsi 5",+994365455806,,42,https://barassociation.az/lawyersearch?community=42,no,barassociation.az,https://barassociation.az/communities?page=11
law-firm-105,Naxçıvan şəhər Vəkil Bürosu,law_firm,Həsənov Vüsal Heydər oğlu,Naxçıvan MR Naxçıvan,Naxçıvan MR Naxçıvan şəhəri,+994365455806,,143,https://barassociation.az/lawyersearch?community=143,no,barassociation.az,https://barassociation.az/communities?page=11
law-firm-106,Praym Leqal Vəkil Bürosu,law_firm,Nuhiyev Aqşin Əlməmməd oğlu,Bakı,"Bakı şəhəri, Nərimanov rayonu, Möhsün Sənani küçəsi,100A","012 , +994503044489",,148,https://barassociation.az/lawyersearch?community=148,no,barassociation.az,https://barassociation.az/communities?page=11
law-firm-107,Presedent Vəkil Bürosu,law_firm,Həşimova Zülfiyyə Vəli qızı,Bakı,"Bakı şəhəri, Nərimanov rayonu, Ə.Rəcəbli -3 küç., 3b",+994558474115,,135,https://barassociation.az/lawyersearch?community=135,no,barassociation.az,https://barassociation.az/communities?page=11
law-firm-108,Prestij Vəkil Bürosu,law_firm,Mustafayev Ruslan Həsən oğlu,Bakı,"Bakı şəhəri, Nərimanov rayonu, 1222-ci məhəllə, ev 12",+994703444749,,138,https://barassociation.az/lawyersearch?community=138,no,barassociation.az,https://barassociation.az/communities?page=11
law-firm-109,Pro Bono Vəkil Bürosu,law_firm,Məmmədov Şahmar Elbrus oğlu,Bakı,"Bakı şəhəri, Nəsimi rayonu, S.Vurğun küçəsi 48",+994125949985,,79,https://barassociation.az/lawyersearch?community=79,no,barassociation.az,https://barassociation.az/communities?page=11
law-firm-110,Prospekt Vəkil Bürosu,law_firm,Əliyev Həbib Əli oğlu,Bakı,"Bakı şəh., Yasamal r., Parlament pr., 500-cü məhəllə, ev 4",+994502103799,,105,https://barassociation.az/lawyersearch?community=105,no,barassociation.az,https://barassociation.az/communities?page=11
law-firm-111,Qanunçuluq Vəkil Bürosu,law_firm,Camalov Etibar Əli oğlu,Bakı,"Bakı şəhəri, Nərimanov rayonu,Təbriz küçəsi ev 21",0503661622,,103,https://barassociation.az/lawyersearch?community=103,no,barassociation.az,https://barassociation.az/communities?page=12
law-firm-112,Qazax rayon Vəkil Bürosu,law_firm,Abışov Elgün Fəxrəddin oğlu,Qazax,"Qazax şəhəri, Hacı Zeynalabdin Tağıyev küç., 26",+994706351954,,89,https://barassociation.az/lawyersearch?community=89,no,barassociation.az,https://barassociation.az/communities?page=12
law-firm-113,Quba rayon Vəkil Bürosu,law_firm,Aqamov İbrahim Aleksandr oğlu,Quba,"Quba şəhəri, Heydər Əliyev prospekti 96",+99423330589,,33,https://barassociation.az/lawyersearch?community=33,no,barassociation.az,https://barassociation.az/communities?page=12
law-firm-114,Qusar rayon Vəkil Bürosu,law_firm,Xidirov Şahlar Şakir oğlu,Qusar,Qusar şəhəri,+994504173800,,106,https://barassociation.az/lawyersearch?community=106,no,barassociation.az,https://barassociation.az/communities?page=12
law-firm-115,Qəbələ rayon Vəkil Bürosu,law_firm,Qəribov Rəşid Vəliyəddin oğlu,Qəbələ,Qəbələ rayonu,+994503257507,,116,https://barassociation.az/lawyersearch?community=116,no,barassociation.az,https://barassociation.az/communities?page=12
law-firm-116,Rifaq Həsənov və Partnyorları Vəkil Bürosu,law_firm,Həsənov Rifaq Rizvan oğlu,Bakı,"Bakı şəh., Yasamal r., İnşaatçılar pr., 547-ci məh., ev 3",+994502112913,,134,https://barassociation.az/lawyersearch?community=134,no,barassociation.az,https://barassociation.az/communities?page=12
law-firm-117,Ruslan Vəliyev və Partnyorları Vəkil Bürosu,law_firm,Vəliyev Ruslan Arif oğlu,Bakı,"Bakı şəh., Yasamal r., 616-cı məhəllə F.İbrahimbəyov 5","+994504761138 , 0125961275",,118,https://barassociation.az/lawyersearch?community=118,no,barassociation.az,https://barassociation.az/communities?page=12
law-firm-118,Saatlı rayon Vəkil Bürosu,law_firm,Abbasov Vüsal Tapdıq oğlu,Saatlı,"Saatlı şəhəri, Həzi Aslanov küçəsi 1",+994503325363,,37,https://barassociation.az/lawyersearch?community=37,no,barassociation.az,https://barassociation.az/communities?page=12
law-firm-119,Salyan rayon Vəkil Bürosu,law_firm,Hənifəli Elman Tahir oğlu,Salyan,"Salyan şəhəri, A.Hüseynov küçəsi 135",+994212555115,,64,https://barassociation.az/lawyersearch?community=64,no,barassociation.az,https://barassociation.az/communities?page=12
law-firm-120,Sirius Vəkil Bürosu,law_firm,Əliyev Sübhan Fərmayıl oğlu,Bakı,"Bakı şəhəri, Nəsimi rayonu, akademik Həsən Əliyev pros 5 A",051 686 99 70,,112,https://barassociation.az/lawyersearch?community=112,no,barassociation.az,https://barassociation.az/communities?page=13
law-firm-121,Sumqayıt Regional Vəkil Bürosu,law_firm,Qasımlı Anar Elman oğlu,Sumqayıt,"Sumqayıt şəhəri, 9-cu mikrorayon, Zülfü Hacıyev küçəsi 71",+994186562211,,60,https://barassociation.az/lawyersearch?community=60,no,barassociation.az,https://barassociation.az/communities?page=13
law-firm-122,Sumqayıt şəhər 1 saylı Vəkil Bürosu,law_firm,Nəhmətov Fazil İldır oğlu,Sumqayıt,"Sumqayıt şəhəri, Heydər Əliyev prospekti 20/29",+994186559035,,28,https://barassociation.az/lawyersearch?community=28,no,barassociation.az,https://barassociation.az/communities?page=13
law-firm-123,Sübhan Məmmədov və Partnyorları Vəkil Bürosu,law_firm,Məmmədov Sübhan Zakir oğlu,Bakı,"Bakı şəhəri, Nəsimi rayonu, R.Behbudov küç., ev 59, mənzil 63",+994502155899,,132,https://barassociation.az/lawyersearch?community=132,no,barassociation.az,https://barassociation.az/communities?page=13
law-firm-124,Tovuz rayon Vəkil Bürosu,law_firm,Əliyev Mahir Muşafiq oğlu,Tovuz,"Tovuz şəhəri, Sabir küçəsi, 25A",+994555833682,,61,https://barassociation.az/lawyersearch?community=61,no,barassociation.az,https://barassociation.az/communities?page=13
law-firm-125,Tərtər rayon Vəkil Bürosu,law_firm,Muradov Oktay Rəcəb oğlu,Tərtər,"Tərtər şəhəri, Qaçay Mehdiyev küçəsi 217",+994703843184,,75,https://barassociation.az/lawyersearch?community=75,no,barassociation.az,https://barassociation.az/communities?page=13
law-firm-126,Union Vəkil Bürosu,law_firm,Abbasov Orxan Vilayət oğlu,Bakı,"Bakı şəh., Nərimanov ray., Ağa Neymətulla küç., 232",+994552010406,,114,https://barassociation.az/lawyersearch?community=114,no,barassociation.az,https://barassociation.az/communities?page=14
law-firm-127,Universal Vəkil Bürosu,law_firm,Əlizadə Rahim Ələkbər oğlu,Bakı,"Bakı şəh., Nəsimi ray., Ənvər Qasımzadə küç., 44, M2, m2","0502308844 , 0124402339",,124,https://barassociation.az/lawyersearch?community=124,no,barassociation.az,https://barassociation.az/communities?page=14
law-firm-128,Verdiktum Vəkil Bürosu,law_firm,İbadov Zaur Fəzail oğlu,Nəsimi,"Nəsimi rayonu, İzzət Həmidov 5A, AZ1020","0125967076, 0705967076, 0555967076",,69,https://barassociation.az/lawyersearch?community=69,no,barassociation.az,https://barassociation.az/communities?page=14
law-firm-129,VMN Vəkil Bürosu,law_firm,İmanov Məzhər Rəsul oğlu,Bakı,"Bakı şəhəri, Nərimanov rayonu, Ziya Bünyadov prospekti 57C",+994552992255,,23,https://barassociation.az/lawyersearch?community=23,no,barassociation.az,https://barassociation.az/communities?page=14
law-firm-130,Xaçmaz şəhər Vəkil Bürosu,law_firm,Hacıyev Vüsal Murtuzəli oğlu,Xaçmaz,"Xaçmaz şəhəri, Aşıq Ələsgər küçəsi 4",+994233255910,,32,https://barassociation.az/lawyersearch?community=32,no,barassociation.az,https://barassociation.az/communities?page=14
law-firm-131,Xırdalan şəhər Vəkil Bürosu,law_firm,Rüstəmzadə Ayxan Xankişi oğlu,Abşeron,"Abşeron rayonu, Xırdalan şəhəri, H.Aslanov küçəsi, ""Uğur-4"" yaşayış kompleksi, 1A.","+994123410113 , +994706410313",,45,https://barassociation.az/lawyersearch?community=45,no,barassociation.az,https://barassociation.az/communities?page=14
law-firm-132,Xəzər Konsaltinq Vəkil Bürosu,law_firm,Bədəlov Fuad Murad oğlu,Bakı,"Bakı şəhəri, Binəqədi rayonu, İbrahimpaşa Dadaşov küçəsi 910",+994503409625,,57,https://barassociation.az/lawyersearch?community=57,no,barassociation.az,https://barassociation.az/communities?page=14
law-firm-133,Yasa Vəkil Bürosu,law_firm,Cəfərxanov Əyyub İsrafil oğlu,Bakı,"Bakı şəh., Salatın Əsgərova küç., ev 103",+994705953333,,139,https://barassociation.az/lawyersearch?community=139,no,barassociation.az,https://barassociation.az/communities?page=14
law-firm-134,Yevlax şəhər Vəkil Bürosu,law_firm,Məmmədov Fərhad Möhübbət oğlu,Yevlax,"Yevlax şəhəri, Q.Quliyev küçəsi 1B/11",+994506799576,,67,https://barassociation.az/lawyersearch?community=67,no,barassociation.az,https://barassociation.az/communities?page=14
law-firm-135,Yusif Allahverdiyev və Partnyorları Vəkil Bürosu,law_firm,Allahverdiyev Yusif Asif oğlu,Bakı,"Bakı ş., Yasamal rayonu, İ. Qutqaşenli 507/511, “Altes Plaza”","+994505556684 , +994512054903",,87,https://barassociation.az/lawyersearch?community=87,no,barassociation.az,https://barassociation.az/communities?page=14
law-firm-136,Yusifbəyli və Partnyorları Vəkil Bürosu,law_firm,Yusifbəyli Rəsul Rəbbil oğlu,Bakı,"Bakı şəhəri, Nərimanov rayonu, Təbriz küç 98a, mənzil 4","+994125144435 , +994125141445",,18,https://barassociation.az/lawyersearch?community=18,no,barassociation.az,https://barassociation.az/communities?page=15
law-firm-137,Zaqatala rayon Vəkil Bürosu,law_firm,Şərifov Samir Cuma oğlu,Zaqatala,"Zaqatala şəhəri, F.Əmirov küçəsi 18",+994556707403,,91,https://barassociation.az/lawyersearch?community=91,no,barassociation.az,https://barassociation.az/communities?page=15
law-firm-138,Zəfər Vəkil Bürosu,law_firm,Mirzəyev Vüsal Əlövsət oğlu,,"Yasamal r., General Akim Abbasov küç., 4a",0503013113,,125,https://barassociation.az/lawyersearch?community=125,no,barassociation.az,https://barassociation.az/communities?page=15
law-firm-139,Şimal Vəkil Bürosu,law_firm,Hüseynov Zeyqam Hüseyn oğlu,Sumqayıt,"Sumqayıt şəhəri, Sülh küç., 60A",0502112193,,123,https://barassociation.az/lawyersearch?community=123,no,barassociation.az,https://barassociation.az/communities?page=12
law-firm-140,Şirvan Regional Vəkil Bürosu,law_firm,Mirzəyev Ruslan Soltanağa oğlu,Şirvan,"Şirvan şəhəri, 20 Yanvar küçəsi 16",+994503205225,,39,https://barassociation.az/lawyersearch?community=39,no,barassociation.az,https://barassociation.az/communities?page=13
law-firm-141,Şəki Regional Vəkil Bürosu,law_firm,İbrahimov Xəyal Rahim oğlu,Şəki,"Şəki şəhəri, M.Ə.Rəsulzadə prospekti 139a",+994504379112,,34,https://barassociation.az/lawyersearch?community=34,no,barassociation.az,https://barassociation.az/communities?page=13
law-firm-142,Şəmkir rayon Vəkil Bürosu,law_firm,İsayeva Xalidə İsa qızı,Şəmkir,"Şəmkir ş., Vidadi döngəsi",0503511999,,31,https://barassociation.az/lawyersearch?community=31,no,barassociation.az,https://barassociation.az/communities?page=13
law-firm-143,Şərur rayon Vəkil Bürosu,law_firm,Əliyev Azər Musa oğlu,Şərur,"Şərur şəhəri, Şəhriyar küçəsi 1",0365422577,,141,https://barassociation.az/lawyersearch?community=141,no,barassociation.az,https://barassociation.az/communities?page=13
law-firm-144,Ədalət Vəkil Bürosu,law_firm,Mustafayev Muxtar Nağı oğlu,Bakı,"Bakı şəhəri, Səməd Vurğun küçəsi, məh 309, World Business Centre, 18-ci mərtəbə","+994125974828 , +994124371926 (faks)",,43,https://barassociation.az/lawyersearch?community=43,no,barassociation.az,https://barassociation.az/communities?page=15
law-firm-145,Əkrəm Həsənov və Partnyorları Vəkil Bürosu,law_firm,Həsənov Əkrəm Şirvan oğlu,Bakı,"Bakı şəhəri, Nəsimi rayonu, Nizami küçəsi, 705-ci məhəllə, 129 E",0124933124,,72,https://barassociation.az/lawyersearch?community=72,no,barassociation.az,https://barassociation.az/communities?page=15
