id,name,phone,profile_url,listings_count,description_snippet,source,source_url
insaat-0001,"""Azercansa"" MMC",,https://insaat.az/me/azercansa-mmc-125,,Kənd təsərrüfatı texnikalarının və ehtiyat hissələrinin topdan satışı. Şirkətimiz istehsalçı &quot;Cans,insaat.az,https://insaat.az/shops
insaat-0002,"""Azmaş Lizinq"" MMC",,https://insaat.az/me/azmas-lizinq-mmc-117,84,Tərəfdaşlıq etdiyi şirkətlərin yerli və xarici kənd təsərrüfatı məhsullarının dövlətin 40% güzəşti il,insaat.az,https://insaat.az/shops
insaat-0003,"""Jaluz Pərdə Group"" MMC",(055) 6207553,https://insaat.az/me/jaluz-perde-group-mmc-68,240,&quot;JP Group&quot; MMC 20 il Sizinlə! Türkiyə istehsalı keyfiyyətli jalüzlərin topdan və pərakənd,insaat.az,https://insaat.az/shops
insaat-0004,"""Seyf qapılar "" Məkanı",,https://insaat.az/me/seyf-qapilar-mekani-338,2,Seyf qapıların sifarişi,insaat.az,https://insaat.az/shops
insaat-0005,"""Stardoors Avtomatik Qapılar"" MMC",,https://insaat.az/me/stardoors-avtomatik-qapilar-mmc-210,,"Məhsullarımız Türkiyə, Rusiya və Belarusiya istehsalıdır. Rayonlara Çatdırılma mövcuddur. jaluz qapıları",insaat.az,https://insaat.az/shops
insaat-0006,"""ZEUS"" - ""EuroClima"" rəsmi təmsilçi.",(050) 4816541,https://insaat.az/me/zeus-euroclima-resmi-temsilci-57,78,"Biz uzun illərdir əməkdaşlıq etdiyimiz Almaniyanın, İtaliyanın, Danimarkanın, Türkiyənin, Çinin,Koreyanın,Gürcüstanı",insaat.az,https://insaat.az/shops
insaat-0007,1inci Group,,https://insaat.az/me/1inci-group-121,100,&quot;1inci group&quot; şirkəti istənilən növ inşaat materiallarının satışını həyata keçirir. Məhsullar,insaat.az,https://insaat.az/shops
insaat-0008,AAC MMC,(050) 3323280,https://insaat.az/me/aac-mmc-279,2,Gobustone məsaməli hörgü blokları (Qazobeton) satisi,insaat.az,https://insaat.az/shops
insaat-0009,ABBAS OĞLU DOORS,(077) 5062646,https://insaat.az/me/abbas-oglu-doors-342,150,ABBAS OĞLU DOORS 1998-ci ildən etibarən qapı və darvaza sənətində peşəkarlığı ilə tanınır. Banisi Rizva,insaat.az,https://insaat.az/shops
insaat-0010,Abşeron Makina MMC,(055) 6778020,https://insaat.az/me/abseron-makina-mmc-146,17,Sizə 2 kw-dan 100 kV-a qədər generator və tənzimləyicilərin və onların ehtiyat hissələrinin rayonlar,insaat.az,https://insaat.az/shops
insaat-0011,AG EV DAM ORTUKLERI,,https://insaat.az/me/ag-ev-dam-ortukleri-162,,Müasir Dam Örtükleri Profnastillərin İstenilen Ölçüde Sifarişi Qebul Olunur,insaat.az,https://insaat.az/shops
insaat-0012,Agritex,(050) 2517091,https://insaat.az/me/agritex-381,22,Gəlin Birlikdə Böyüyək!. &quot;AGRITEX&quot; MMC şirkəti 2019-cu ildən Yüksək keyfiyyətli Çin istehsal,insaat.az,https://insaat.az/shops
insaat-0013,Alkopan Polkorbanat satışı,,https://insaat.az/me/alkopan-polkorbanat-satisi-86,60,"Mallarımız türkiye rusiya kitay ve iran maları var polkarbonatlar türk ve rus mallarıdı, alkopanlar kita",insaat.az,https://insaat.az/shops
insaat-0014,Alpan Group,,https://insaat.az/me/alpan-group-90,,"Alpan Group sirkətimiz sənaye konteynerləri, hazır ev, prefabrik bina, metal konstruksiya və anbar tikintis",insaat.az,https://insaat.az/shops
insaat-0015,Alupen,(055) 7663602,https://insaat.az/me/alupen-290,11,Şirkətimiz 2015-ci ildən etibarən avtomatik fotoselli qapilarin montaji xidmətini həyata kecirir. Gördüyümü,insaat.az,https://insaat.az/shops
insaat-0016,ANAROĞLU İNŞAAT,,https://insaat.az/me/anaroglu-insaat-69,,"Anarоğlu İnşaat artıq 5 ildir ki, Azərbaycanda fəaliyyət göstərir. Hovuz avadanlıqları və digər tikint",insaat.az,https://insaat.az/shops
insaat-0017,Anbardan Satış,(050) 3954155,https://insaat.az/me/anbardan-satis-321,59,Polikarbonat satışı. Bir kameralı türkiyə istehsalı polikarbonatın satışı.Üç kameralı polikarbonat satışı.Monoli,insaat.az,https://insaat.az/shops
insaat-0018,Anra Group,,https://insaat.az/me/anra-group-371,,Anra Group Azərbaycanda və Çində JQCM brendinin eksklüziv distribütorudur. Biz Anra Group Imp &amp; Ex,insaat.az,https://insaat.az/shops
insaat-0019,Apex Industries MMC,(010) 4443007,https://insaat.az/me/apex-industries-mmc-280,43,"Apex Industries MMC – avtomatik qapı və keçid sistemləri sahəsində ixtisaslaşmış, etibarlılığı və keyfiyyət",insaat.az,https://insaat.az/shops
insaat-0020,AQLAY EVI,(051) 9284136,https://insaat.az/me/aqlay-evi-120,39,Hər növ aqlay daşlarının ən ucuz qiymətlərlə hazırlanması və satışı.Sizdə evinizi təbii aqlay daşı il,insaat.az,https://insaat.az/shops
insaat-0021,Armatur Azərbaycan,,https://insaat.az/me/armatur-azerbaycan-412,1,Sex və zavod armaturlarinin topdan və pərakəndə satışı .hər ölçüdə xamutlarin hazırlanması,insaat.az,https://insaat.az/shops
insaat-0022,Armatur Mərkəzi,(055) 6356575,https://insaat.az/me/armatur-merkezi-278,49,"Armatur Mərkəzi şirkəti, armatur xamut məhsullarının topdan və pərakəndə satışını həyata keçirir. Yüksə",insaat.az,https://insaat.az/shops
insaat-0023,ATASH MMC,,https://insaat.az/me/atash-mmc-204,17,Bütün növ tikinti matriallarının satışı!. Bütün növ yüklərin daşınması xidməti!,insaat.az,https://insaat.az/shops
insaat-0024,AVERA SERVIS MMC,(070) 2938808,https://insaat.az/me/avera-servis-mmc-133,261,"&quot;Avera Servis&quot; MMC 25 ildən artıqdır ki, Azərbaycanda tikinti avadanlıqlarının satışını v",insaat.az,https://insaat.az/shops
insaat-0025,AVISTA LLC- EPC CONTRACTOR,,https://insaat.az/me/avista-llc-epc-contractor-215,,"&quot;AVISTA&quot; MMC, &quot;Ingersoll Rand&quot;-ın səlahiyyətli distribyutorudur. Qaz və hava kompressorları",insaat.az,https://insaat.az/shops
insaat-0026,Avtomatik qapılar,,https://insaat.az/me/avtomatik-qapilar-360,,Avtomatik qapıların darvaza qollarının jalüzlerin şlaqbaumların Fotosel qapıların satışı quraşdırılmas,insaat.az,https://insaat.az/shops
insaat-0027,AZLIFT PRO,,https://insaat.az/me/azlift-pro-322,,"2007ci ildən inşaat texnikası avadanlıqlarının satışı, icarəsi və servis xidmətini göstəririk. Sürətl",insaat.az,https://insaat.az/shops
insaat-0028,Baku Container,(050) 2613953,https://insaat.az/me/baku-container-12,139,"İstənilən ölçüdə dəmir, sandviç panel konteynerlərinin, biotualetlərin, çadırların alışı, satışı və kirayəs",insaat.az,https://insaat.az/shops
insaat-0029,Baku Plas,(051) 5043196,https://insaat.az/me/baku-plas-96,33,Evinizdən çıxmadan tək birzəngə pəncərə qapı cam balkonnarın təmiri nizamlanması üçün asand həl Bak,insaat.az,https://insaat.az/shops
insaat-0030,BİST MMC İNŞAAT,,https://insaat.az/me/bist-mmc-insaat-350,,"Bist MMC artıq 5 ildir ki, Azərbaycanda fəaliyyət göstərir. Havalandırma avadanlıqları, fasad materialları",insaat.az,https://insaat.az/shops
insaat-0031,Borplast,(099) 9922323,https://insaat.az/me/borplast-365,102,Borplast. Zavoddan bir başa olaraq satış. Sifariş qəbul olunur,insaat.az,https://insaat.az/shops
insaat-0032,Caspian Grandline Temir Tikinti,(055) 6632100,https://insaat.az/me/caspian-grandline-temir-tikinti-401,174,"Təmir stressini bizə buraxın, siz sadəcə evin dadını çıxarın! Caspian Grandline olaraq biz:. ✅ Smet",insaat.az,https://insaat.az/shops
insaat-0033,CEER PLASTIK,,https://insaat.az/me/ceer-plastik-188,,Her cure Hdpe yuksek tezyiqli borular istehsali,insaat.az,https://insaat.az/shops
insaat-0034,Ceilinghome,(070) 8984121,https://insaat.az/me/ceilinghome-7,12,"Əziz müştərilərimiz sizdə evinizin , ofisinizin tavanını gözəl görünməsini isdəyirsinizsə vaxt itirmədə",insaat.az,https://insaat.az/shops
insaat-0035,CHAMPION SEMENT,(051) 6220000,https://insaat.az/me/champion-sement-129,18,NORM SEMENT zavodunun rəsmi distributoru. NORM 300 B klass. NORM 400 A klass. NORM 500 C klass. Çatdırılm,insaat.az,https://insaat.az/shops
insaat-0036,Conttech,,https://insaat.az/me/conttech-29,,"Kamera, domofon və keçidə nəzarət sistemlərinin satışı və quraşdırılması, videonəzarət sistemlərini",insaat.az,https://insaat.az/shops
insaat-0037,CORIANE AZ,,https://insaat.az/me/coriane-az-239,,Mərmər qranit daşlarının topdan və pərakəndə satışı. Istenilen nov mermerlerin murekkebliyinden asil,insaat.az,https://insaat.az/shops
insaat-0038,Creative konteyner,,https://insaat.az/me/creative-konteyner-306,,"Creativ Konteyner yaşayış, ofis, anbar və ticarət üçün konteynerlərin hazırlanması ilə məşğuldur. Keyfiyyətl",insaat.az,https://insaat.az/shops
insaat-0039,CS ELECTRİC MMC,,https://insaat.az/me/cs-electric-mmc-307,,CS Electric MMC — elektrik avadanlıqları və mallarının satışı və təchizatı üzrə fəaliyyət göstərən Azərbayca,insaat.az,https://insaat.az/shops
insaat-0040,Dam örtükləri,(050) 7260014,https://insaat.az/me/dam-ortukleri-6,110,Dam örtüklərin hazırlanması və qurlaşdırılması. Sizin ucun en munasib ve keyfiyyetli. Dam örtüyünün satiş,insaat.az,https://insaat.az/shops
insaat-0041,Dam örtükləri zavodu,(070) 4375377,https://insaat.az/me/dam-ortukleri-zavodu-271,42,Dam örtüklərin hazırlanması və qurlaşdırılması. Sizin ucun en munasib ve keyfiyyetli. Dam örtüyünün satiş,insaat.az,https://insaat.az/shops
insaat-0042,Diva Jaluz,,https://insaat.az/me/diva-jaluz-367,92,Diva Jaluz 20 il Sizinlə! Türkiyə istehsalı keyfiyyətli jalüzlərin topdan və pərakəndə satış mərkəzi,insaat.az,https://insaat.az/shops
insaat-0043,DOST QAPI EVI,,https://insaat.az/me/dost-qapi-evi-254,5,Arzuladığınız qapılar bir zənglə artıq əlçatandır. 4 il rəsmi zəmanətlə hər növ qapılar xidmətinizdədi,insaat.az,https://insaat.az/shops
insaat-0044,ECA SEREL,,https://insaat.az/me/eca-serel-419,36,Santexnika dünyası: Hamam otağınız üçün estetik aksesuarlar. E.C.A. və SEREL-in rəsmi mağazası! Santexnik,insaat.az,https://insaat.az/shops
insaat-0045,EG INSAAT MMC,,https://insaat.az/me/eg-insaat-mmc-311,,Alt yapi isleri sehir salma ve yol isleri yapilmaktadir . Tekniklarimizda icareye verilir,insaat.az,https://insaat.az/shops
insaat-0046,EGE Banyo,,https://insaat.az/me/ege-banyo-353,,Hər növ santexnika məhsullarının satışı bizdə. şəxsi istəhsalımızdır,insaat.az,https://insaat.az/shops
insaat-0047,Elcam balkon PVC qapi pəncərə evi,,https://insaat.az/me/elcam-balkon-pvc-qapi-pencere-evi-325,,"Elcam – Cam balkon, PVC qapı və pəncərə sistemləri ilə evinizə gözəllik və istilik qatırıq. Keyfiyyətl",insaat.az,https://insaat.az/shops
insaat-0048,Electric MMC,,https://insaat.az/me/electric-mmc-201,,cS Elektrik ⚡️ . Schneider ve Rubezhin Azerbaycandaki resmi Partnyoruyuq,insaat.az,https://insaat.az/shops
insaat-0049,EM CONSTRUCTION,(070) 2004403,https://insaat.az/me/em-construction-65,83,Salam eziz müşderler alkopan polkarbanat satışı ve ya işcliyi her birin edirik yüksek kefiyetle mallarım,insaat.az,https://insaat.az/shops
insaat-0050,ENAM Company,(050) 2106541,https://insaat.az/me/enam-company-357,33,"Şirkətimiz ağır və yüngül texnikaların satışı, ehtiyyat hissələrinin təmin olunması və yüksək səviyyəl",insaat.az,https://insaat.az/shops
insaat-0051,Enerji Mənbəyi,,https://insaat.az/me/enerji-menbeyi-407,52,"Enerji Mənbəyi şirkəti 20 ildir generator satışı ilə məşğuldur. Müştərilərimizə həm nağd, həm də sərfəl",insaat.az,https://insaat.az/shops
insaat-0052,ER POWER GENERATOR,(055) 8920505,https://insaat.az/me/er-power-generator-8,100,"MƏQSƏDIMIZ: DUNYA MARKALARININ YÜKSƏK SƏVİYYƏDƏ TƏMSİL ETMƏK,YENİ TEXNOLOGİYALARIN AZƏRBAYCANA GƏTİRMEKDI",insaat.az,https://insaat.az/shops
insaat-0053,EURO İNŞAAT,(070) 2696171,https://insaat.az/me/euro-insaat-340,74,"25-40,30-60,10-30,30-30,45-45,40-40,60-120,80-80,20-120,20-1,80-160,120-280 və.s müxtəlif ölçüdə kermoqranitləri",insaat.az,https://insaat.az/shops
insaat-0054,GENERATOR DUNYASI,(055) 8043232,https://insaat.az/me/generator-dunyasi-408,68,GENERATOR DUNYASI 20 ildən çoxdur generator satışı və enerji təminatı sahəsində fəaliyyət göstərir. Şirkətimi,insaat.az,https://insaat.az/shops
insaat-0055,GENERATOR MƏRKƏZİ,(055) 5710575,https://insaat.az/me/generator-merkezi-390,185,Şirkətimiz uzun illərdir generator satışı sahəsində uğurla fəaliyyət göstərir.İllərin qazandırdığı təcrübə,insaat.az,https://insaat.az/shops
insaat-0056,GENIRON GROUP,(050) 3998499,https://insaat.az/me/geniron-group-160,24,Geniron Group,insaat.az,https://insaat.az/shops
insaat-0057,Glasse MMC,(055) 7003049,https://insaat.az/me/glasse-mmc-38,17,Glasse MMC sirketi olaraq sizə keyfiyyətli və sərfəli qiymətlər təklif edirik. Gördüyümüz işlərə zəmanə,insaat.az,https://insaat.az/shops
insaat-0058,Goldstarmarble MMC,(050) 5556789,https://insaat.az/me/goldstarmarble-mmc-213,51,Zəriflik və funksionallıq harmoniyası.Hər növ mərmər sifarişlərin qəbulu,insaat.az,https://insaat.az/shops
insaat-0059,Green Layn,(051) 4765047,https://insaat.az/me/green-layn-409,21,"Green_Layn – 10 illik təcrübə və etibar. Artıq 10 ildir ki, Green_Layn süni qazon, kovralit və deko",insaat.az,https://insaat.az/shops
insaat-0060,Guvən Glass,,https://insaat.az/me/guven-glass-3,46,"Guven Glass olaraq temir tikinti insaat sahesinde özəlliklə, aliminyum, şüşə, meheccer, cam balkon, du",insaat.az,https://insaat.az/shops
insaat-0061,H & M DUŞ KABIN,(070) 4771679,https://insaat.az/me/h-m-dus-kabin-364,24,Yaz endirimlərimiz başladı. Yaz mövsümünə uyğun olaraq Dus kabinalari yüksək keyfiyətlə münasib qiymətl,insaat.az,https://insaat.az/shops
insaat-0062,Haleyapi MMC,,https://insaat.az/me/haleyapi-mmc-348,,"Şirkətimiz tərəfdən Konteynerlərin alışı və satışı, Perefabrik işləri, Alkopan işləri, Naveslərin v",insaat.az,https://insaat.az/shops
insaat-0063,HH DEMIR QAPILAR,,https://insaat.az/me/hh-demir-qapilar-298,,"HH Dəmir Qapılar sizə möhkəm, zərbəyə davamlı və estetik görünüşlü qapılar təklif edir",insaat.az,https://insaat.az/shops
insaat-0064,HORDOORS,(070) 2646560,https://insaat.az/me/hordoors-92,15,Turkiye Almaniya Italia fotosel qapilari teqdim ediriy sizlere.Her növ istesalci qapilarin temiri quraşdirmasin,insaat.az,https://insaat.az/shops
insaat-0065,Hədəf Group MMC,,https://insaat.az/me/hedef-group-mmc-391,6,"Istanbul Elektrostatik Filtre markası olaraq Elektrostatik filtr,karbon filtr və Fan təklif edirik",insaat.az,https://insaat.az/shops
insaat-0066,IKMA Machinery,,https://insaat.az/me/ikma-machinery-197,47,&quot;IKMA Machinery&quot; olaraq tikinti işlərinizdə tələb olunan yeni texnikaları və onların servisin,insaat.az,https://insaat.az/shops
insaat-0067,INTERCOMMERS,(051) 3617530,https://insaat.az/me/intercommers-11,448,Tehlukesizlik sistemlerinin satisi ve qurasdirilmasi. Slaqbaumlarin Turniketlerin satisi ve qurasdirilmasi,insaat.az,https://insaat.az/shops
insaat-0068,Intertek Makina A.Ş. AR Filialı,(050) 2063072,https://insaat.az/me/intertek-makina-a.s.-ar-filiali-285,25,İntertek Makina A.Ş.nin Azərbaycan Respublikasındakı Filialı 2005-ci ildən etibarən Bakıda fəaliyyət,insaat.az,https://insaat.az/shops
insaat-0069,Intertek Makina shirketi,(050) 2545422,https://insaat.az/me/intertek-makina-shirketi-46,17,Intertek Makina shirketi Cinin agir tikinti texnikalari istehsal eden aparici firmasi LiuGong.un Azerbaycandak,insaat.az,https://insaat.az/shops
insaat-0070,IZ CONSTRUCTION,,https://insaat.az/me/iz-construction-182,34,Hər Növ Avtomatik Qapıların Sifarişi və Servis Xidməti Resmi Zəmanətlə.Qiymətlər öcuyə rəngə göre deyişir,insaat.az,https://insaat.az/shops
insaat-0071,Izotrade,(050) 2963333,https://insaat.az/me/izotrade-61,35,Sendviç panellərin və izolyasiya materiallarının topdan və pərakəndə satışı,insaat.az,https://insaat.az/shops
insaat-0072,İnterdoor,(050) 4223313,https://insaat.az/me/interdoor-288,25,Interdoor şirkəti Azərbaycanda avtomatik qapı sistemləri üzrə ixtisaslaşmış bir şirkətdir. Şirkət müxtəli,insaat.az,https://insaat.az/shops
insaat-0073,Jaluz Baku,,https://insaat.az/me/jaluz-baku-305,1,Salam size yuksek keyfiyyete malik jaluzi perdeler munasib qiymete teklif edirik,insaat.az,https://insaat.az/shops
insaat-0074,kdmss təhlükəsizlik sistemləri,,https://insaat.az/me/kdmss-tehlukesizlik-sistemleri-108,,Kamera Domafon Mühafizə Siqnalizasiya Sistemlərinin satışı və quraşdırılması,insaat.az,https://insaat.az/shops
insaat-0075,KERPIC AZ,,https://insaat.az/me/kerpic-az-95,4,"Dəyərli müştərilərimiz güclü, odadavamlı, uyğun büdcəli kərpiclərin ünvanı yalnız bizdədir. Buyurub sifari",insaat.az,https://insaat.az/shops
insaat-0076,KERPICLERIN ISTEHSALI,(050) 2000451,https://insaat.az/me/kerpiclerin-istehsali-339,11,Ulduz metrosuna yaxın ərazidə yerləşən zavodumuzda yüksək keyfiyyətli kerpiclərin istehsalı və topda,insaat.az,https://insaat.az/shops
insaat-0077,KLIMA MARKET,,https://insaat.az/me/klima-market-88,,Havalandırma sistemləri üçün fanların satışı və quraşdırılması Servis xidməti,insaat.az,https://insaat.az/shops
insaat-0078,Konteyner Group,(055) 2541005,https://insaat.az/me/konteyner-group-58,29,Konteynerlerin alişi satişi ve icaresi,insaat.az,https://insaat.az/shops
insaat-0079,Konteyner House,,https://insaat.az/me/konteyner-house-165,,Yeni və ikinci əl konteynerlərin satışı,insaat.az,https://insaat.az/shops
insaat-0080,KRISTAL ROOFS DAM ORTUKLERI ZAVODU,(050) 5598086,https://insaat.az/me/kristal-roofs-dam-ortukleri-zavodu-418,19,Dam örtükləri topdansatış istədiniz zövqə uyğun şok endirim istədiniz qalınlığı isdədiyniz rəg,insaat.az,https://insaat.az/shops
insaat-0081,KƏNAN KN MMC,(055) 3323280,https://insaat.az/me/kenan-kn-mmc-41,4,"TERMOPLAST XPS termoizolyasiya materialı Homogen məsaməli tərkibə malik, istilik izolyasiya məqsədil",insaat.az,https://insaat.az/shops
insaat-0082,LAMINATTO AZ,(070) 3335933,https://insaat.az/me/laminatto-az-417,16,"Yüksək keyfiyyət, sərfəli qiymətlər! Laminat, lambirin, plintus və tinlik məhsullarının topdan qiymətin",insaat.az,https://insaat.az/shops
insaat-0083,Leca,,https://insaat.az/me/leca-149,59,"Leca: Keramzit, yüngül beton blok, hazir daxili və fasad suvağı, hörgü yapışdırıcı, kənd təsərrufat keramzit",insaat.az,https://insaat.az/shops
insaat-0084,Logi Group MMC,(055) 2134863,https://insaat.az/me/logi-group-mmc-178,205,Yanğın siqnalizasiyası. Video müşahidə (CCTV) sistemləri. Siqnalizasiya və giriş nəzarəti sistemləri,insaat.az,https://insaat.az/shops
insaat-0085,M-Metall-Group,,https://insaat.az/me/m-metall-group-205,,"Tikinti sahəsindəki konteynerlər tikinti sahəsinin işçilərinin müvəqqəti sığınması üçün binalar, bəndlər",insaat.az,https://insaat.az/shops
insaat-0086,Mahmudoğlu Konteyner,,https://insaat.az/me/mahmudoglu-konteyner-366,64,"Səndiviç və liman konteyner istehsalı, ofis, mühafizə köşkü, yeməkxana, yataqxana, hamam və sanitar ehtiyacla",insaat.az,https://insaat.az/shops
insaat-0087,MASDER CLAS PVC,(077) 1227422,https://insaat.az/me/masder-clas-pvc-405,11,Plastik qapı və pəncərələrin hər ölçüyə uyğun hazırlanıb quraşdırılması mümkündür. Ən ucuz Qiymətə v,insaat.az,https://insaat.az/shops
insaat-0088,Master İnşaat Dam örtükləri,,https://insaat.az/me/master-insaat-dam-ortukleri-295,26,Master İnşaat Dam örtüklərin topdan ve perakende satiw merkezi olaraq fəaliyyət göstəririk. Hər növ da,insaat.az,https://insaat.az/shops
insaat-0089,Master Paint MMC,(051) 6661965,https://insaat.az/me/master-paint-mmc-318,35,Master Paint MMC Asvalt Beton üzerinde yol xett boya işleri ve diger boya işleri görürür matreal daxi,insaat.az,https://insaat.az/shops
insaat-0090,MEHEMMED JALUZ,,https://insaat.az/me/mehemmed-jaluz-122,,Her nov Turkiye istehsali olan jaluz perdeler torlar magazamizda movcuddur,insaat.az,https://insaat.az/shops
insaat-0091,Merhemmetli insaat,(050) 3645544,https://insaat.az/me/merhemmetli-insaat-420,15,Hər növ dam örtüklərinin topdan və pərakəndə satışı. Keyfiyyət və etibar bir ünvanda!,insaat.az,https://insaat.az/shops
insaat-0092,Metal Trade MMC,(055) 3504999,https://insaat.az/me/metal-trade-mmc-263,87,Salam əziz və hörmətli müştərilər münasib qiymətlərlə xidmətinizdəyik Her olcude ve her uzunluqda zavo,insaat.az,https://insaat.az/shops
insaat-0093,MIRZƏ AQLAY EVİ,,https://insaat.az/me/mirze-aqlay-evi-174,39,Seximizdə hazırlanan Ağlay daşlarının satışı və quraşdırılması işlərini görürük,insaat.az,https://insaat.az/shops
insaat-0094,Modul binalar,(012) 3101177,https://insaat.az/me/modul-binalar-62,53,"Modul Binalar. Yeni nəsil texnologiya standartlarına cavab verən, müxtəlif ölçülü, sökülə bilən modu",insaat.az,https://insaat.az/shops
insaat-0095,Mostec Group,,https://insaat.az/me/mostec-group-209,,&quot;Mostec Group&quot; olaraq biz hər zaman sizə münasib qiymətə yüksək keyfiyyət təmin etmişik,insaat.az,https://insaat.az/shops
insaat-0096,Mosu Store,,https://insaat.az/me/mosu-store-259,,Mehsulardan yaranlanmaq ucun whatsappa ve ya Sexsiye yazin. Mehsular yeni mehsulardi . Tesekurler,insaat.az,https://insaat.az/shops
insaat-0097,MUASIR QAPILAR,(070) 9127888,https://insaat.az/me/muasir-qapilar-291,43,"Biz, uzun illərin təcrübəsi ilə qapı, darvaza, məhəccər, reşotka və digər metal məmulatların istehsal",insaat.az,https://insaat.az/shops
insaat-0098,Muhendis temir tikinti MMC,,https://insaat.az/me/muhendis-temir-tikinti-mmc-333,,"Azərbaycan bazarında asfalt, tamet və bordür satışı üzrə ixtisaslaşmış etibarlı şirkətdir. Məhsullarımı",insaat.az,https://insaat.az/shops
insaat-0099,Müasir Havalandırma,(070) 6225829,https://insaat.az/me/muasir-havalandirma-214,88,"Havalandırma sisteminin yüksək keyfiyyətlə quraşdırılması, satışı və servisi.Bizim işimiz sizin uğurunuzdu",insaat.az,https://insaat.az/shops
insaat-0100,N.N Dam Örtükləri Evi,,https://insaat.az/me/n.n-dam-ortukleri-evi-368,,"&quot;Dam örtüklərində geniş seçim, yüksək keyfiyyət və etibarlı xidmət. Tavanınızı güvənlə bizə həval",insaat.az,https://insaat.az/shops
insaat-0101,N1 Kamera Dünyası,,https://insaat.az/me/n1-kamera-dunyasi-363,,&quot;N1 Kamera Dünyası&quot; mağazası sizə ən yüksək keyfiyyətə malik kameraları təklif edir.Hər gün,insaat.az,https://insaat.az/shops
insaat-0102,NERJ.DEKOR,,https://insaat.az/me/nerj.dekor-292,,Yüksey keyfiyetli ve qida ücün nezerde tutulmuş (M304-M316) markası olan nerjaveyka materiyalından hazırlana,insaat.az,https://insaat.az/shops
insaat-0103,Next modern construction,,https://insaat.az/me/next-modern-construction-373,,"Müasir tikinti həlləri təqdim edən şirkət olaraq layihələndirmə, tikinti, təmir və infrastruktur xidmətlər",insaat.az,https://insaat.az/shops
insaat-0104,NS GROUP,,https://insaat.az/me/ns-group-297,,Salam size yuksek keyfiyyete malik jaluzi perdeler munasib qiymete teklif edirik.Bizdən istədiyiniz nö,insaat.az,https://insaat.az/shops
insaat-0105,OnTime,,https://insaat.az/me/ontime-269,,&quot;10Time&quot; şirkəti təmir-tikinti məhsullarının topdan və pərakənda satışı və təchizini həyat,insaat.az,https://insaat.az/shops
insaat-0106,Polibak MMC ( Turksan ),(050) 2042468,https://insaat.az/me/polibak-mmc-turksan-328,9,Bir başa istehsalatdan olan məhsullarımızı sizlərə nümaiş etdirmək istəyirəm. Məhsullarımız 75 -200 l,insaat.az,https://insaat.az/shops
insaat-0107,Prime Leasing,(050) 2194455,https://insaat.az/me/prime-leasing-358,9,Prime Leasing – kənd təsərrüfatında güvənilir maliyyə partnyorunuz! Müasir kənd təsərrüfatı texnikasın,insaat.az,https://insaat.az/shops
insaat-0108,Prior Leasing,(050) 8788800,https://insaat.az/me/prior-leasing-153,60,Şirkətimiz 2014-cü ildə Azərbaycan vətəndaşları olan fərdi sahibkarlar tərəfindən təsis edilmişdir. Yerl,insaat.az,https://insaat.az/shops
insaat-0109,Profigroup MMC,,https://insaat.az/me/profigroup-mmc-317,,3D NATO tipli hasar idxalı və tədarükü üzrə ixtisaslaşmış şırkət istənilən cür panel hasarların satış,insaat.az,https://insaat.az/shops
insaat-0110,Promextech Group,(051) 2525000,https://insaat.az/me/promextech-group-400,37,"Promextech Group aparıcı istehsalçılardan maşın, avadanlıq və ehtiyat hissələrinin birbaşa, komplek",insaat.az,https://insaat.az/shops
insaat-0111,R-ARM Armaturların topdan ve pərakende satışı,,https://insaat.az/me/r-arm-armaturlarin-topdan-ve-perakende-satisi-130,,"R-ARM Armatur şirkəti, armatur məhsullarının topdan və pərakəndə satışını həyata keçirir. Yüksək keyfiyyətl",insaat.az,https://insaat.az/shops
insaat-0112,R.N Aqlay Daşların satışı və dizaynı,,https://insaat.az/me/r.n-aqlay-daslarin-satisi-ve-dizayni-319,,Aqlay Daslarin topdan ve perakende satışı. Sizdə evinizi təbii aqlay daşı ilə möhtəşəm üzləmək istəyirsizs,insaat.az,https://insaat.az/shops
insaat-0113,Ranz mmc,(050) 2077307,https://insaat.az/me/ranz-mmc-324,5,RANZ MMC – inşaat sektorunda peşəkar və keyfiyyətə önəm verən şirkətlərdən biridir. Fəaliyyət sahəmiz,insaat.az,https://insaat.az/shops
insaat-0114,RAY Group MMC,,https://insaat.az/me/ray-group-mmc-42,98,RAY GROUP MMC TİKİNTİ ŞİRKƏTİ ƏN YÜKSƏK SƏVİYYƏDƏ İŞLƏRİNİ SİZƏ TƏQDİM EDİR! Keyfiyyətimiz gördüyümü,insaat.az,https://insaat.az/shops
insaat-0115,Relmar Group MMC,,https://insaat.az/me/relmar-group-mmc-267,,19 illik iş təcrübəsinə dayanaraq ən yeni texnologiya və şık görünüm ilə sizin yaşam alanınızı mükəmmə,insaat.az,https://insaat.az/shops
insaat-0116,RR GLASSE,,https://insaat.az/me/rr-glasse-304,,"RR GLASSE şirkəti olaraq sizə keyfiyyətli hər növ cam balkon plastik qapi ve pencereler, şüşə, meheccer",insaat.az,https://insaat.az/shops
insaat-0117,RR Group,,https://insaat.az/me/rr-group-106,,"RR Group Seyf qapı, darvaza, dəmir barmaqlıqlar və məhəccərlərin birbaşa satışı və istənilən ölçüdə sifarişl",insaat.az,https://insaat.az/shops
insaat-0118,RR Tools,,https://insaat.az/me/rr-tools-94,,RR TOOLS olaraq musderilerimize aşağıdakı qeyd etdiyimiz mallarla xidmət edirik. 1.Qaynaq Aparatlar,insaat.az,https://insaat.az/shops
insaat-0119,RVR SAUNA MMC,(050) 2133990,https://insaat.az/me/rvr-sauna-mmc-28,255,"RVR Sauna MMC olaraq Sauna, Türk hamamı, Buxar otağı, Macəra duşu, Qar otağı, Buz bulağı, Şok duşu sistemlərini",insaat.az,https://insaat.az/shops
insaat-0120,RƏŞİDOGLU,(051) 7404001,https://insaat.az/me/residoglu-235,41,Generator satsi ve icaresi mövcudu. Service var barter var. Yeni ve ikinci elde var isdenilen kvada,insaat.az,https://insaat.az/shops
insaat-0121,Sabiroğlu İnşaat,(070) 3721818,https://insaat.az/me/sabiroglu-insaat-313,52,Şirkətimizin peşəkar tikinti komandamızla yüksək keyfiyyətli Pod Mayak tikinti xidmətləri təklif edirik,insaat.az,https://insaat.az/shops
insaat-0122,Sauna tikintisi.,(055) 6765538,https://insaat.az/me/sauna-tikintisi-48,72,"Sauna materiyallarının, sauna avadanlıqlarının, sauna aksesuarlarının topdan və pərakəndə satışı. Həmçini",insaat.az,https://insaat.az/shops
insaat-0123,Sculptor Inşaat,,https://insaat.az/me/sculptor-insaat-331,,"Sculptor Inşaat olaraq Ofisiniz üçün Şüşə Arakəsmə sistemlerini,Cam balkon,Meheccer,Cəbhə sistemləri,du",insaat.az,https://insaat.az/shops
insaat-0124,Sement Baku,(050) 4239443,https://insaat.az/me/sement-baku-421,6,"Keyfiyyətli sement, uyğun qiymət! SEMENT BAKU – Sementlərin Bakı və Sumqayıt ərazilərinə çatdırılmas",insaat.az,https://insaat.az/shops
insaat-0125,SENAT COMPANY MMC,,https://insaat.az/me/senat-company-mmc-245,,"Senat Company elektrik, inşaat və texnoloji malların etibarlı ünvanıdır. Kabel, kamera və daha çox məhsul",insaat.az,https://insaat.az/shops
insaat-0126,SETKAYA MMC,,https://insaat.az/me/setkaya-mmc-310,35,"SETKAYA MMC, Azərbaycanda müasir sənaye və idman sahələrinə yüksək keyfiyyətli həllər təqdim edən, peşəka",insaat.az,https://insaat.az/shops
insaat-0127,Seyid inşaat,,https://insaat.az/me/seyid-insaat-413,19,Seyid İnşaat dam örtüyü və tikinti sahəsində keyfiyyətli xidmət göstərən etibarlı şirkətdir. Müasir materiallar,insaat.az,https://insaat.az/shops
insaat-0128,SMARTO MMC,,https://insaat.az/me/smarto-mmc-320,,Eviniz və biznesiniz üçün ağıllı həllər,insaat.az,https://insaat.az/shops
insaat-0129,STOCK INSAAT,,https://insaat.az/me/stock-insaat-138,,Tikinti materiallarının online və mağazalarımızdan satışı və sifarişi Kredit Nəğd və Taksit kartlar,insaat.az,https://insaat.az/shops
insaat-0130,Strong İnşaat,,https://insaat.az/me/strong-insaat-50,83,Sement məhsullarının birbaşa satışı. Operativ işçi qüvvəmizlə bütün sifarişlər vaxtında çatdırılır,insaat.az,https://insaat.az/shops
insaat-0131,Sönməz Elektrik MMC,(055) 7719944,https://insaat.az/me/sonmez-elektrik-mmc-73,31,Teksan generatorlarının 1997-ci ildən rəsmi satış və servisi &quot;Sönməz Elektrik&quot; MMC tərəfində,insaat.az,https://insaat.az/shops
insaat-0132,Tamet MMC,,https://insaat.az/me/tamet-mmc-393,,Hər növ tamet daslari bardyorlar və beton daslarinin satışı və sifarişi qəbul olunur şekil çoxdur yükləmə,insaat.az,https://insaat.az/shops
insaat-0133,TCN TEXNO MMC,(055) 2141184,https://insaat.az/me/tcn-texno-mmc-19,73,"Tikinti,sənaye və kənd təsərrüfatı avadanlıqlarının təmiri və satışı",insaat.az,https://insaat.az/shops
insaat-0134,TECHMART,(051) 7774433,https://insaat.az/me/techmart-207,51,Bizim əsas fəaliyyət istiqamətlərimiz aşağıdakılardır:. Zəng mərkəzlərinin qurulması (Call - Center),insaat.az,https://insaat.az/shops
insaat-0135,TERMO AQLAY,(099) 3220111,https://insaat.az/me/termo-aqlay-111,44,"şirkət öz failiyyətinə 2010 -cu ildən başlayib. Müəssisəmizin məqsədi,sərfəli qiyməti ilə secilən",insaat.az,https://insaat.az/shops
insaat-0136,TH House,(010) 3646339,https://insaat.az/me/th-house-144,12,"Qum, Seben aççep, kərpic, semenet, qara torpaq, kərpic , mesox ilə və açıq şəkildə topdan və pərakənd",insaat.az,https://insaat.az/shops
insaat-0137,TNS GORUP,(077) 3166677,https://insaat.az/me/tns-gorup-395,29,Fasat üzləmə işləri üçün kefiyyətli və davamlı Alkopan panellırinin satışı və peşakar quraşdırılmas,insaat.az,https://insaat.az/shops
insaat-0138,TONTECH MMC,(055) 3360017,https://insaat.az/me/tontech-mmc-177,15,Türkiyənin &quot;ABS tartı sistemləri&quot; şirkətinin rəsmi distributoru TONTECH firması Fərdi Vill,insaat.az,https://insaat.az/shops
insaat-0139,TTVENT MMC,,https://insaat.az/me/ttvent-mmc-163,,"&quot;TTVENT&quot; MMC 2014-cü ildən Ventilyasiya və soyutma sistemlərinin Satışı, layihələndirilməsi",insaat.az,https://insaat.az/shops
insaat-0140,Tunar MMC,,https://insaat.az/me/tunar-mmc-351,5,"Her növ naves işləri görürük.Pesəkar ustalar tərəfindən navesler, talvarlarin besektakarin yığılması",insaat.az,https://insaat.az/shops
insaat-0141,TƏK BİR MƏRMƏR,(055) 4020808,https://insaat.az/me/tek-bir-mermer-179,55,"Zəriflik və funksionallıq harmoniyası.Hər növ Mərmərlerin sifarişi movcuddur.Dizaynından, ölçüsündə",insaat.az,https://insaat.az/shops
insaat-0142,Təmir tikinti işləri,,https://insaat.az/me/temir-tikinti-isleri-361,,"Hovuz tikintisi, Evlərin tikintisi təmiri",insaat.az,https://insaat.az/shops
insaat-0143,UkrAzmet FM MMC,,https://insaat.az/me/ukrazmet-fm-mmc-329,,UkrAzmet FM MMC şirkət olaraq metal tikinti materyalların Topdan və Perakende satişi mövzuddur. Nağ,insaat.az,https://insaat.az/shops
insaat-0144,UPS Construction,(051) 3552555,https://insaat.az/me/ups-construction-71,76,"UPS Construction Sendviç panellər, polikarbonat lövhələr, poliletilen borular, metal konstruksiyala",insaat.az,https://insaat.az/shops
insaat-0145,Uyğunlar Texnika - Intertek Makina Anonim Sirketi,,https://insaat.az/me/uygunlar-texnika-intertek-makina-anonim-sirketi-392,15,"Intertek Makina Anonim Şirkəti ağır texnika, avtokar və mini yükləyicilərin satışı ilə yanaşı, ehtiya",insaat.az,https://insaat.az/shops
insaat-0146,UĞUR Plastik QAPI PENCERE EVI,(077) 5600113,https://insaat.az/me/ugur-plastik-qapi-pencere-evi-386,3,Plastik QAPI PENCERE Evi olaraq sizə keyfiyyətli və sərfəli qiymətlər təklif edirik. Qeyd edek ki quraşdırdığımı,insaat.az,https://insaat.az/shops
insaat-0147,VIKTORIA INSAAT,,https://insaat.az/me/viktoria-insaat-175,14,Dam ortuklerinin topdan satişi,insaat.az,https://insaat.az/shops
insaat-0148,VİP Electronics,(055) 2552277,https://insaat.az/me/vip-electronics-183,166,VİP Electronics &amp; Security Systems şirkəti təhlükəsizlik sistemləri sahəsində beynəlxalq markalar,insaat.az,https://insaat.az/shops
insaat-0149,VK LUX MMC,(051) 9084448,https://insaat.az/me/vk-lux-mmc-52,145,2020-ci ildə qurulan &quot;VK Lux&quot; MMC yol hərəkəti texnologiyaları sahəsində fəaliyyət göstəri,insaat.az,https://insaat.az/shops
insaat-0150,VOLCANO,,https://insaat.az/me/volcano-303,,Her cur mermerlerin sifarish qebulu. Istenilen nov mermerlerin murekkebliyinden asili olmayaraq Butu,insaat.az,https://insaat.az/shops
insaat-0151,ZAVOD DAM ÖRTÜYLERI,(070) 9190014,https://insaat.az/me/zavod-dam-ortuyleri-374,7,Dam örtüyünün satişi isdenilən ölcüyə kəsirik.hər rənk var aksusarlarin düzəlməsi zavoda hazirlanir.Odeni,insaat.az,https://insaat.az/shops
insaat-0152,Zirve Demir,,https://insaat.az/me/zirve-demir-265,,Hər növ dəmir-metal işləri üzrə sifarişlər qəbul edilir. Keyfiyyətə zəmanət verilir,insaat.az,https://insaat.az/shops
insaat-0153,Zirvə Penaplas,(051) 2558585,https://insaat.az/me/zirve-penaplas-253,3,Penoplastlarin topdan ve perakende satisi isdenilen olcude ve sixliqlaarina(berkliyi yeni) gore hazirlanmas,insaat.az,https://insaat.az/shops
insaat-0154,ZİRVE QAPI PENCERE EVI,,https://insaat.az/me/zirve-qapi-pencere-evi-284,,Plastik qapi pencerelerin sifarisi ve temiri,insaat.az,https://insaat.az/shops
insaat-0155,ŞİMAL HAVALANDIRMA,(070) 5693749,https://insaat.az/me/simal-havalandirma-164,106,Obyektlərə yerində baxılaraq təyinata uyğun havalandırma sisteminin yüksək keyfiyyətlə quraşdırılması,insaat.az,https://insaat.az/shops
insaat-0156,Ə-laa inşaat,(051) 5099039,https://insaat.az/me/e-laa-insaat-186,217,Hörmətli müştərilər &quot;Ə-laa İnşaatdan &quot; istənilən bütün hamam aksesuarlarını sifaris,insaat.az,https://insaat.az/shops
