record_group,tenant_id,company_name,sector,plaza_id,plaza_name,address,city,phone,email,website,voen,source,source_id,confidence,extra_json
plaza_tenant,plaza-0059,"MONARCH STUDİO"" Məhdud Məsuliyyətli Cəmiyyəti",company,plaza-adore-plaza,Adore Plaza Biznes Mərkəzi,"AZ1052, BAKI ŞƏHƏRİ NƏRİMANOV RAYONU, HACI MURAD, ev.1, m.ADORE PLAZA",Bakı,,,,1504628391,legal_entities_tax_address,1504628391,high,"{""matched_plaza_alias"": ""adore plaza"", ""address_type"": ""tax_legal"", ""tax_active"": ""false"", ""tax_status"": ""Dayandırılmış""}"
plaza_tenant,plaza-0062,"MÜASİR YOL"" MƏHDUD MƏSULİYYƏTLİ CƏMİYYƏTİ",company,plaza-adore-plaza,Adore Plaza Biznes Mərkəzi,"AZ1075, BAKI ŞƏHƏRİ NƏRİMANOV RAYONU, ƏHMƏD RƏCƏBLİ, ev.ADORE PLAZA",Bakı,,,,1507350861,legal_entities_tax_address,1507350861,high,"{""matched_plaza_alias"": ""adore plaza"", ""address_type"": ""tax_legal"", ""tax_active"": ""true"", ""tax_status"": ""Aktiv""}"
plaza_tenant,plaza-0069,"RÖVŞƏN OĞUZ QRUP"" MƏHDUD MƏSULİYYƏTLİ CƏMİYYƏTİ",company,plaza-adore-plaza,Adore Plaza Biznes Mərkəzi,"AZ1052, BAKI ŞƏHƏRİ NƏRİMANOV RAYONU, ƏHMƏD RƏCƏBLİ 1 , ev.8, ""ADORE PLAZA"", 3-CÜ MƏRTƏBƏ",Bakı,,,,1700993511,legal_entities_tax_address,1700993511,high,"{""matched_plaza_alias"": ""adore plaza"", ""address_type"": ""tax_legal"", ""tax_active"": ""true"", ""tax_status"": ""Aktiv""}"
plaza_tenant,plaza-0045,"EXPERT SERVİCES FZE"" MƏHDUD MƏSULİYYƏTLİ AZAD ZONA MÜƏSSİSƏSİNİN AZƏRBAYCAN RESPUBLİKASINDAKI NÜMAYƏNDƏLİYİ",company,plaza-afen-plaza,Afen Plaza,"AZ1069, BAKI ŞƏHƏRİ NƏRİMANOV RAYONU, YUSİF VƏZİR ÇƏMƏNZƏMİNLİ, ev.119C, AFEN PLAZA",Bakı,,,,1505573441,legal_entities_tax_address,1505573441,high,"{""matched_plaza_alias"": ""afen plaza"", ""address_type"": ""tax_legal"", ""tax_active"": ""false"", ""tax_status"": ""Dayandırılmış""}"
plaza_tenant,plaza-0028,PROVICE” məhdud məsuliyyətli cəmiyyəti,accounting,plaza-ap-plaza,AP Plaza,"Bakı şəhəri, Xətai rayonu, G.Şıxlinski küçəsi, ev16, mənzil 9 Faktiki ünvanı: AP Plaza - Xan şuşinski 17",Bakı,(012) 376-35-15 | (050) 212-33-02,info@provice.az | n.orucov@provice.az | orucov.n@gmail.com,https://provice.az/ | www.provice.az,,accountants,provice-mhdud-msuliyytli-cmiyyti,high,"{""matched_plaza_alias"": ""ap plaza"", ""address_type"": ""operational"", ""director"": ""Orucov Nurlan Ziyəddin oğlu""}"
plaza_tenant,plaza-0016,"Global and Legal Audit"" məhdud məsuliyyətli cəmiyyəti",accounting,plaza-aynali-plaza,Aynalı Plaza,"AZ1052, Bakı şəhəri, Nərimanov rayonu, Ə.Rəcəbli küçəsi, ev 156, Aynalı Plaza 5ci mərtəbə 55-ci otaq",Bakı,(050) 640-96-76,office@global-audit.az | r.qarayev@global-audit.az | n.ahmadova@global-audit.az,,,accountants,global-and-legal-audit-mhdud-msuliyytli-cmiyyti,high,"{""matched_plaza_alias"": ""aynalı plaza"", ""address_type"": ""operational"", ""director"": ""Qarayev Rüfət Niyazi oğlu""}"
plaza_tenant,plaza-0037,"ABSHERON OLIVE GARDEN"" MƏHDUD MƏSULİYYƏTLİ CƏMİYYƏTİ",company,plaza-azure,Azure Biznes Mərkəzi,"AZ1025, BAKI ŞƏHƏRİ XƏTAİ RAYONU, 8 NOYABR, ev.15, AZURE BİZNES MƏRKƏSİ, MƏRTƏBƏ 16, OFİS 105",Bakı,,,,1201947591,legal_entities_tax_address,1201947591,high,"{""matched_plaza_alias"": ""azure"", ""address_type"": ""tax_legal"", ""tax_active"": ""true"", ""tax_status"": ""Aktiv""}"
plaza_tenant,plaza-0038,"ARTONZA"" MƏHDUD MƏSULİYYƏTLİ CƏMİYYƏTİ",company,plaza-azure,Azure Biznes Mərkəzi,"AZ1025, BAKI ŞƏHƏRİ XƏTAİ RAYONU, 8 NOYABR, ev.15, m.AZURE BUSİNESS CENTER, OFİS 98",Bakı,,,,2008748621,legal_entities_tax_address,2008748621,high,"{""matched_plaza_alias"": ""azure"", ""address_type"": ""tax_legal"", ""tax_active"": ""false"", ""tax_status"": ""Dayandırılmış""}"
plaza_tenant,plaza-0039,"ASEL KREDİT"" BANK OLMAYAN KREDİT TƏŞKİLATI MƏHDUD MƏSULİYYƏTLİ CƏMİYYƏTİ",company,plaza-azure,Azure Biznes Mərkəzi,"AZ1025, BAKI ŞƏHƏRİ XƏTAİ RAYONU, 8 NOYABR, ev.15, ""AZURE"" BİZNES MƏRKƏZİ, m.40",Bakı,,,,1401929161,legal_entities_tax_address,1401929161,high,"{""matched_plaza_alias"": ""azure"", ""address_type"": ""tax_legal"", ""tax_active"": ""true"", ""tax_status"": ""Aktiv""}"
plaza_tenant,plaza-0008,"AZFİNANCE AND CONSULTİNG"" məhdud məsuliyyətli cəmiyyəti",accounting,plaza-azure,Azure Biznes Mərkəzi,"AZ1025, Bakı şəhəri, Azure Biznes Mərkəzi 24-cü mərtəbə, otaq 5",Bakı,(012) 488-66-30 | (050) 236-75-85,elnurk@azfc.az | elnur@azfc.az,,,accountants,azfinance-and-consulting-mhdud-msuliyytli-cmiyyt,high,"{""matched_plaza_alias"": ""azure biznes mərkəzi"", ""address_type"": ""operational"", ""director"": ""Kazımov Elnur Şahin oğlu""}"
plaza_tenant,plaza-0076,"BANK OLMAYAN KREDİT TƏŞKİLATI ""AZFİNANS"" MƏHDUD MƏSULİYYƏTLİ CƏMİYYƏTİ",company,plaza-azure,Azure Biznes Mərkəzi,"AZ1025, BAKI ŞƏHƏRİ XƏTAİ RAYONU, 8 NOYABR, ev.15, AZURE BİZNES MƏRKƏZİ, 8 -Cİ MƏRTƏBƏ, m.45",Bakı,,,,1307249871,legal_entities_tax_address,1307249871,high,"{""matched_plaza_alias"": ""azure"", ""address_type"": ""tax_legal"", ""tax_active"": ""true"", ""tax_status"": ""Aktiv""}"
plaza_tenant,plaza-0011,BDOAzərbaycan” məhdud m ə suliyy ə tli c ə miyy ə ti,accounting,plaza-azure,Azure Biznes Mərkəzi,"AZ1025, Bakı şəhəri, Nobel prospekti 15, Azure Biznes Mərkəzi 20-ci mərtəbə, otaq 140",Bakı,(012) 488-66-10 | (050) 283-82-44,office@bdo.az | crm@bdo.az,http://www.bdo.az | www.bdo.az,,accountants,bdoazrbaycan-mhdud-m-suliyy-tli-c-miyy-ti,high,"{""matched_plaza_alias"": ""azure biznes mərkəzi"", ""address_type"": ""operational"", ""director"": ""Salayev Yunis Elxan oğlu""}"
plaza_tenant,plaza-0047,"FOUR STAR İNTERNATİONAL"" MƏHDUD MƏSULİYYƏTLİ CƏMİYYƏTİ",company,plaza-azure,Azure Biznes Mərkəzi,"AZ1025, BAKI ŞƏHƏRİ XƏTAİ RAYONU, 8 NOYABR, ev.15, AZURE BUSİNESS CENTER, m.165B",Bakı,,,,2009029541,legal_entities_tax_address,2009029541,high,"{""matched_plaza_alias"": ""azure"", ""address_type"": ""tax_legal"", ""tax_active"": ""false"", ""tax_status"": ""Dayandırılmış""}"
plaza_tenant,plaza-0018,GRANDİS AUDİT” məhdud məsuliyyətli cəmiyyəti,accounting,plaza-azure,Azure Biznes Mərkəzi,"AZ1123, Bakı şəhəri, Xətai rayonu, 8 noyabr prospekti, Azure Biznes Centre",Bakı,(055) 471-59-89,grandisaudit@gmail.com,http://www.grandisaudit.com | www.grandisaudit.com,,accountants,grandis-audit-mhdud-msuliyytli-cmiyyti,high,"{""matched_plaza_alias"": ""azure biznes centre"", ""address_type"": ""operational"", ""director"": ""Quliyev Fərid Nazim oğlu""}"
plaza_tenant,plaza-0019,Grovv Audit and Consulting” məhdud məsuliyyətli cəmiyyəti,accounting,plaza-azure,Azure Biznes Mərkəzi,"AZ1025, Bakı şəhəri, 8 Noyabr pr., Azure Biznes Centre, 6-cı mərtəbə, 24 otaq.",Bakı,(012) 488-63-49 | (055) 277-50-99 | (050) 266-55-99,info@grow.az | o.abdurahmanov@grow.az,http://www.grow.az | www.grow.az,,accountants,grovv-audit-and-consulting-mhdud-msuliyytli-cmiy,high,"{""matched_plaza_alias"": ""azure biznes centre"", ""address_type"": ""operational"", ""director"": ""Abdurahmanov Orxan Əlisəfa oğlu""}"
plaza_tenant,plaza-0049,"HAPPY CAR"" MƏHDUD MƏSULİYYƏTLİ CƏMİYYƏTİ",company,plaza-azure,Azure Biznes Mərkəzi,"AZ1025, BAKI ŞƏHƏRİ XƏTAİ RAYONU, 8 NOYABR, ev.15, AZURE BUSİNESS CENTER, OFİS 165B",Bakı,,,,2007687401,legal_entities_tax_address,2007687401,high,"{""matched_plaza_alias"": ""azure"", ""address_type"": ""tax_legal"", ""tax_active"": ""true"", ""tax_status"": ""Aktiv""}"
plaza_tenant,plaza-0050,"HAPPY DISTRO"" MƏHDUD MƏSULİYYƏTLİ CƏMİYYƏTİ",company,plaza-azure,Azure Biznes Mərkəzi,"AZ1025, BAKI ŞƏHƏRİ XƏTAİ RAYONU, 8 NOYABR, ev.15, AZURE BUSİNESS CENTER, m.165B",Bakı,,,,2008938031,legal_entities_tax_address,2008938031,high,"{""matched_plaza_alias"": ""azure"", ""address_type"": ""tax_legal"", ""tax_active"": ""true"", ""tax_status"": ""Aktiv""}"
plaza_tenant,plaza-0052,"HIDAYAH GLOBAL LOGISTICS (PRIVATE) LIMITED COMPANY""-NİN AZƏRBAYCAN RESPUBLİKASINDAKI FİLİALI",company,plaza-azure,Azure Biznes Mərkəzi,"AZ1025, BAKI ŞƏHƏRİ XƏTAİ RAYONU, 8 NOYABR, ev.15, AZURE BUSİNESS CENTER, m.137",Bakı,,,,2009255201,legal_entities_tax_address,2009255201,high,"{""matched_plaza_alias"": ""azure"", ""address_type"": ""tax_legal"", ""tax_active"": ""false"", ""tax_status"": ""Dayandırılmış""}"
plaza_tenant,plaza-0054,"İMPEX FORUM BAKU"" MƏHDUD MƏSULİYYƏTLİ CƏMİYYƏTİ",company,plaza-azure,Azure Biznes Mərkəzi,"AZ1025, BAKI ŞƏHƏRİ XƏTAİ RAYONU, 8 NOYABR, ev.15, AZURE BUSİNESS CENTER, OFİS 165B",Bakı,,,,2009057131,legal_entities_tax_address,2009057131,high,"{""matched_plaza_alias"": ""azure"", ""address_type"": ""tax_legal"", ""tax_active"": ""false"", ""tax_status"": ""Dayandırılmış""}"
plaza_tenant,plaza-0060,"MRT GROUP"" MƏHDUD MƏSULİYYƏTLİ CƏMİYYƏTİ",company,plaza-azure,Azure Biznes Mərkəzi,"AZ1025, BAKI ŞƏHƏRİ XƏTAİ RAYONU, 8 NOYABR, ev.15 ""AZURE BUSİNESS CENTER"", m.137",Bakı,,,,2009459911,legal_entities_tax_address,2009459911,high,"{""matched_plaza_alias"": ""azure"", ""address_type"": ""tax_legal"", ""tax_active"": ""false"", ""tax_status"": ""Dayandırılmış""}"
plaza_tenant,plaza-0027,PRİNCİPAL” məhdud məsuliyyətli cəmiyyəti,accounting,plaza-azure,Azure Biznes Mərkəzi,"8 Noyabr Prospekti 15, Azure Business Center",Bakı,(010) 260-77-88 (051) 934-76-76,principalmmc173@gmail.com,,,accountants,principal-mhdud-msuliyytli-cmiyyti,high,"{""matched_plaza_alias"": ""azure business center"", ""address_type"": ""operational"", ""director"": ""Salayev Turab İdris oğlu""}"
plaza_tenant,plaza-0065,"PRİVATE PLUS"" MƏHDUD MƏSULİYYƏTLİ CƏMİYYƏTİ",company,plaza-azure,Azure Biznes Mərkəzi,"AZ1025, BAKI ŞƏHƏRİ XƏTAİ RAYONU, 8 NOYABR, ev.15, AZURE BUSİNESS CENTER",Bakı,,,,2008992861,legal_entities_tax_address,2008992861,high,"{""matched_plaza_alias"": ""azure"", ""address_type"": ""tax_legal"", ""tax_active"": ""true"", ""tax_status"": ""Aktiv""}"
plaza_tenant,plaza-0068,"REGAL HOLDİNG"" MƏHDUD MƏSULİYYƏTLİ CƏMİYYƏTİ",company,plaza-azure,Azure Biznes Mərkəzi,"AZ1025, BAKI ŞƏHƏRİ XƏTAİ RAYONU, 8 NOYABR, ev.542, MƏRTƏBƏ 15 PARK AZURE Y/M, BLOK B6",Bakı,,,,2006333111,legal_entities_tax_address,2006333111,high,"{""matched_plaza_alias"": ""azure"", ""address_type"": ""tax_legal"", ""tax_active"": ""true"", ""tax_status"": ""Aktiv""}"
plaza_tenant,plaza-0075,"TITANBOTICS (PRIVATE) LİMİTED COMPANY""-NİN AZƏRBAYCAN RESPUBLİKASINDAKI FİLİALI",company,plaza-azure,Azure Biznes Mərkəzi,"AZ1025, BAKI ŞƏHƏRİ XƏTAİ RAYONU, 8 NOYABR, ev.15, AZURE BUSİNESS CENTER, OFİS 137",Bakı,,,,2009046401,legal_entities_tax_address,2009046401,high,"{""matched_plaza_alias"": ""azure"", ""address_type"": ""tax_legal"", ""tax_active"": ""true"", ""tax_status"": ""Aktiv""}"
plaza_tenant,plaza-0007,"AZAUDİT"" məhdud məsuliyyətli cəmiyyəti",accounting,plaza-babek-plaza,Babək Plaza,"AZ1025, Bakı şəhəri, Babək prospekti 12A, Babək Plaza, B-blok, 6-cı mərtəbə",Bakı,(012) 488-06-18 | (050) 205-88-35,info@azaudit.az,http://www.azaudit.az | www.azaudit.az,,accountants,azaudit-mhdud-msuliyytli-cmiyyti,high,"{""matched_plaza_alias"": ""babək plaza"", ""address_type"": ""operational"", ""director"": ""İsrəfilov Afiq Tofiq oğlu""}"
plaza_tenant,plaza-0061,"MUĞAN"" FİRMASI",company,plaza-babek-plaza,Babək Plaza,"AZ1025, BAKI ŞƏHƏRİ XƏTAİ RAYONU, ƏLƏDDİN QULİYEV, ev.11/31, BABƏK PLAZA, BLOK  A, 3-CÜ MƏRTƏBƏ",Bakı,,,,2000903231,legal_entities_tax_address,2000903231,high,"{""matched_plaza_alias"": ""babək plaza"", ""address_type"": ""tax_legal"", ""tax_active"": ""true"", ""tax_status"": ""Aktiv""}"
plaza_tenant,plaza-0063,"NBA TECHNOLOGİES INTERNATİONAL"" MƏHDUD MƏSULİYYƏTLİ CƏMİYYƏTİ",company,plaza-babek-plaza,Babək Plaza,"AZ1025, BAKI ŞƏHƏRİ XƏTAİ RAYONU, ƏLƏDDİN QULİYEV, ev.1131,  Babək Plaza , Blok C , 17-ci mərtəbə",Bakı,,,,1003268241,legal_entities_tax_address,1003268241,high,"{""matched_plaza_alias"": ""babək plaza"", ""address_type"": ""tax_legal"", ""tax_active"": ""true"", ""tax_status"": ""Aktiv""}"
plaza_tenant,plaza-0029,Reanda Azərbaycan” məhdud məsuliyyətli cəmiyyəti,accounting,plaza-bayil-plaza,Bayıl Plaza,"Bakı şəhəri, Səbail rayonu, Neftçi Qurban Abbasov küçəsi 29, Bayıl Plaza",Bakı,(012) 480-14-40 | (051) 229-12-80 | (051) 962-60-66,info@reanda-azerbaijan.com | r.manafov@reanda-azerbaijan.com,http://www.reanda-azerbaijan.com/** | www.reanda-azerbaijan.com | www.reanda-azerbaijan.com/**,,accountants,reanda-azrbaycan-mhdud-msuliyytli-cmiyyti,high,"{""matched_plaza_alias"": ""bayıl plaza"", ""address_type"": ""operational"", ""director"": ""Manafov Rahim Əlikram oğlu""}"
plaza_tenant,plaza-0074,"STAR MİNİNG"" MƏHDUD MƏSULİYYƏTLİ CƏMİYYƏTİ",company,plaza-bayil-plaza,Bayıl Plaza,"AZ1003, BAKI ŞƏHƏRİ SƏBAİL RAYONU, NEFTÇİ QURBAN ABBASOV, ev.29, Bayıl Plaza Biznes Mərkəzi, II-III mərtəbə",Bakı,,,,1003636361,legal_entities_tax_address,1003636361,high,"{""matched_plaza_alias"": ""bayıl plaza"", ""address_type"": ""tax_legal"", ""tax_active"": ""true"", ""tax_status"": ""Aktiv""}"
plaza_tenant,plaza-0012,Bizcon Audit” məhdud məsuliyyətli cəmiyyəti,accounting,plaza-bms-plaza,BMS Plaza,"Bakı şəhəri, Heydər Əliyev pr 115, BMS Plaza, 9-cu mərtəbə, 56-cı otaq",Bakı,(055) 864-24-06 (077) 250 96-16 | (050) 210-06-64,bayramov.anar82@gmail.com,,,accountants,bizcon-audit-mhdud-msuliyytli-cmiyyti,high,"{""matched_plaza_alias"": ""bms plaza"", ""address_type"": ""operational"", ""director"": ""Bayramov Anar Cabir oğlu""}"
plaza_tenant,plaza-0043,"CAAS PSİXOLOGİYA LİQASI"" Məhdud Məsuliyyətli Cəmiyyəti",company,plaza-bms-plaza,BMS Plaza,"AZ1029, BAKI ŞƏHƏRİ NİZAMİ RAYONU, HEYDƏR ƏLİYEV PROSPEKTİ, ev.115, BMS PLAZA, m.73",Bakı,,,,1604741991,legal_entities_tax_address,1604741991,high,"{""matched_plaza_alias"": ""bms plaza"", ""address_type"": ""tax_legal"", ""tax_active"": ""false"", ""tax_status"": ""Dayandırılmış""}"
plaza_tenant,plaza-0053,"İDEOVATE CONSULTİNG""  Məhdud Məsuliyyətli Cəmiyyəti",accountants,plaza-bms-plaza,BMS Plaza,"AZ1029, BAKI ŞƏHƏRİ NİZAMİ RAYONU, HEYDƏR ƏLİYEV PROSPEKTİ, ev.187, BMS PLAZA, m.91",Bakı,(012) 310-09-25 ,shamonuriyev@gmail.com,,1702650991,legal_entities_tax_address,1702650991,high,"{""matched_plaza_alias"": ""bms plaza"", ""address_type"": ""tax_legal"", ""tax_active"": ""true"", ""tax_status"": ""Aktiv""}"
plaza_tenant,plaza-0072,SPARKO” MƏHDUD MƏSULİYYƏTLİ CƏMİYYƏTİ,company,plaza-bms-plaza,BMS Plaza,"AZ1029, BAKI ŞƏHƏRİ NİZAMİ RAYONU, HEYDƏR ƏLİYEV PROSPEKTİ, ev.115, m.94, BMS PLAZA",Bakı,,,,1302060191,legal_entities_tax_address,1302060191,high,"{""matched_plaza_alias"": ""bms plaza"", ""address_type"": ""tax_legal"", ""tax_active"": ""true"", ""tax_status"": ""Aktiv""}"
plaza_tenant,plaza-0073,"SSANATT BY TARANA SULTAN""  Məhdud Məsuliyyətli Cəmiyyəti",company,plaza-bms-plaza,BMS Plaza,"AZ1029, BAKI ŞƏHƏRİ NİZAMİ RAYONU, HEYDƏR ƏLİYEV PROSPEKTİ, ev.115, BMS PLAZA, m.91",Bakı,,,,1604120191,legal_entities_tax_address,1604120191,high,"{""matched_plaza_alias"": ""bms plaza"", ""address_type"": ""tax_legal"", ""tax_active"": ""false"", ""tax_status"": ""Dayandırılmış""}"
plaza_tenant,plaza-0048,"GOLDEN EMIL 2009"" Məhdud Məsuliyyətli Cəmiyyəti",company,plaza-caspian-plaza-i,Caspian Plaza I,"AZ1065, BAKI ŞƏHƏRİ YASAMAL RAYONU, CƏFƏR CABBARLI, ev.CASPIAN PLAZA, m.74",Bakı,,,,1306418251,legal_entities_tax_address,1306418251,high,"{""matched_plaza_alias"": ""caspian plaza"", ""address_type"": ""tax_legal"", ""tax_active"": ""false"", ""tax_status"": ""Dayandırılmış""}"
plaza_tenant,plaza-0051,"HAYAT SONS TRAVEL AND TOURS"" MƏHDUD MƏSULİYYƏTLİ CƏMİYYƏTİ",company,plaza-caspian-plaza-i,Caspian Plaza I,"AZ1065, BAKI ŞƏHƏRİ YASAMAL RAYONU, CƏFƏR CABBARLI, ev.44,Caspian Plaza,3-cü korpus,10-cu mərtəbə",Bakı,,,,1306102391,legal_entities_tax_address,1306102391,high,"{""matched_plaza_alias"": ""caspian plaza"", ""address_type"": ""tax_legal"", ""tax_active"": ""true"", ""tax_status"": ""Aktiv""}"
plaza_tenant,plaza-0066,"PROJECT ADVİSORY GROUP"" MƏHDUD MƏSULİYYƏTLİ CƏMİYYƏTİ",company,plaza-caspian-plaza-i,Caspian Plaza I,"AZ1065, BAKI ŞƏHƏRİ YASAMAL RAYONU, CƏFƏR CABBARLI, ev.44,Caspian Plaza, 3-cü mərtəbə",Bakı,,,,1303173851,legal_entities_tax_address,1303173851,high,"{""matched_plaza_alias"": ""caspian plaza"", ""address_type"": ""tax_legal"", ""tax_active"": ""true"", ""tax_status"": ""Aktiv""}"
plaza_tenant,plaza-0070,"SAMADOV HÜQUQ VƏ AUDİT"" MƏHDUD MƏSULİYYƏTLİ CƏMİYYƏTİ",accountants,plaza-caspian-plaza-i,Caspian Plaza I,"AZ1065, BAKI ŞƏHƏRİ YASAMAL RAYONU, CƏFƏR CABBARLI, ev.44, CASPIAN PLAZA, 3-CÜ KORPUS, 2-Cİ MƏRTƏBƏ",Bakı,(050) 823-05-15 ,ayshan.novruzova@samadovlaw.com ,,2004113961,legal_entities_tax_address,2004113961,high,"{""matched_plaza_alias"": ""caspian plaza"", ""address_type"": ""tax_legal"", ""tax_active"": ""true"", ""tax_status"": ""Aktiv""}"
plaza_tenant,plaza-0031,SAMADOV HÜQUQ VƏ AUDİT” məhdud məsuliyyətli cəmiyyəti,accounting,plaza-caspian-plaza-i,Caspian Plaza I,"AZ1065, Bakı şəhəri, Yasamal rayonu C.Cabbarlı küçəsi 44, Caspian Plaza",Bakı,(050) 823-05-15 | (050) 285-95-65,ayshan.novruzova@samadovlaw.com | amina.alibalayeva@samadovlaw.com,,,accountants,samadov-huquq-v-audit-mhdud-msuliyytli-cmiyyti,high,"{""matched_plaza_alias"": ""caspian plaza"", ""address_type"": ""operational"", ""director"": ""Səmədov Ruzi Emin oğlu""}"
plaza_tenant,plaza-0021,Kreston Global CBC” məhdud məsuliyyətli cəmiyyəti Baş direktor: Həsənov Rauf Kamil oğlu,accounting,plaza-caspian-plaza-iii,Caspian Plaza III,"AZ 1065, Bakı Şəhəri Cəfər Cabbarlı küçəsi 44, Caspian Plaza III, 12-ci mərtəbə",Bakı,(012) 497-04-23,office@cbcworld.com,,,accountants,kreston-global-cbc-mhdud-msuliyytli-cmiyyti-bas-,high,"{""matched_plaza_alias"": ""caspian plaza iii"", ""address_type"": ""operational"", ""director"": """"}"
plaza_tenant,plaza-0034,UHY Audit” məhdud məsuliyyətli cəmiyyəti,accounting,plaza-chinar-plaza,Çinar Plaza,"AZ 1029, Bakı şəhəri, Heydər Əliyev Prospekti 152, Çinar Plaza, 25-ci mərtəbə",Bakı,(012) 480-13-62 | (050) 235-29-40,info@uhy-az.com | tabriz.mirzayev@uhy-az.com,http://www.uhy-az.com | www.uhy-az.com,,accountants,uhy-audit-mhdud-msuliyytli-cmiyyti,high,"{""matched_plaza_alias"": ""çinar plaza"", ""address_type"": ""operational"", ""director"": ""Mirzəyev Təbriz Şahin oğlu""}"
plaza_tenant,plaza-0009,Baker Tilly Audit Azərbaycan” qapalı səhmdar cəmiyyəti,accounting,plaza-city-point,City Point Baku,"AZ1022, Bakı şəhəri, C.Məmmədquluzadə küçəsi 102 A, City Point Baku Biznes Mərkəzi 9-cu mərtəbə",Bakı,(012) 404-76-66 | (012) 404-76-67 | (050) 210-94-60,office@bakertilly.az,http://www.bakertilly.az | www.bakertilly.az,,accountants,baker-tilly-audit-azrbaycan-qapal-shmdar-cmiyyti,high,"{""matched_plaza_alias"": ""city point baku"", ""address_type"": ""operational"", ""director"": ""Səfiyev Səyavuş Kavı oğlu""}"
plaza_tenant,plaza-0023,Moore Stephens Azerbaijan” məhdud məsuliyyətli cəmiyyəti,accounting,plaza-city-point,City Point Baku,"AZ1022, Bakı şəhəri, Cəlil Məmmədquluzadə küçəsi 102A, City Point Biznes Mərkəzi 6-cı mərtəbə",Bakı,(012) 490-77-47 | (050) 216-42-24 | (051)226-83-58 | (050) 226-83-58,baku@moore.az | baku@moorestephens.az,http://www.moorestephens.com | www.moorestephens.com,,accountants,moore-stephens-azerbaijan-mhdud-msuliyytli-cmiyy,high,"{""matched_plaza_alias"": ""city point biznes mərkəzi"", ""address_type"": ""operational"", ""director"": ""Əhmədov Fariz Nadir oğlu""}"
plaza_tenant,plaza-0033,TİD CONSULTING” qapalı səhmdar cəmiyyəti,accounting,plaza-city-point,City Point Baku,"AZ1065, Bakı şəhəri, C.Məmmədquluzadə küçəsi 102A, City Point Baku, 9-cu mərtəbə",Bakı,(012) 436-86-46 | 56 (012) 310-24-20 | (055) 236-86-46,reyhan.dadashova@tidconsulting.com | office@tidconsulting.com,http://www.tidconsulting.com | www.tidconsulting.com,,accountants,tid-consulting-qapal-shmdar-cmiyyti,high,"{""matched_plaza_alias"": ""city point baku"", ""address_type"": ""operational"", ""director"": ""Rzayeva Fidan Cabir qızı""}"
plaza_tenant,plaza-0005,"ATC SERVICES"" məhdud məsuliyyətli cəmiyyəti",accounting,plaza-demirchi-tower,Dəmirçi Tower,"AZ1123, Bakı şəhəri, Xətai rayonu, Xocalı prospekti 37, Dəmirçi Plaza",Bakı,(055) 211-57-52,orkhan.rzayev@gmail.com,,,accountants,atc-services-mhdud-msuliyytli-cmiyyti,high,"{""matched_plaza_alias"": ""dəmirçi plaza"", ""address_type"": ""operational"", ""director"": ""Rzayev Orxan Rza oğlu""}"
plaza_tenant,plaza-0036,Grant Thornton” məhdud məsuliyyətli cəmiyyətinin Azərbaycan Respublikasındakı filialı,accounting,plaza-demirchi-tower,Dəmirçi Tower,"AZ1025, Bakı şəhəri, Xocalı prospekti 37, ""Dəmirçi Plaza"" 22-ci mərtəbə",Bakı,(012) 404-75-37 | (012) 404-75-38 | (050) 543-78-07,azer.akbarov@az.gt.com | info@az.gt.com,http://www.grantthornton.com | www.grantthornton.com,,accountants,grant-thornton-mhdud-msuliyytli-cmiyytinin-azrba,high,"{""matched_plaza_alias"": ""dəmirçi plaza"", ""address_type"": ""operational"", ""director"": ""Farouk Mohamed""}"
plaza_tenant,plaza-0026,Prime Audit and Consulting” məhdud məsuliyyətli cəmiyyəti,accounting,plaza-demirchi-tower,Dəmirçi Tower,"AZ1025, Bakı şəhəri, Xətai rayonu, Xocalı prospekti 37, ""Dəmirçi Plaza""",Bakı,(012) 404-76-64 | (051) 404-76-64 | (055) 223-35-50,office@prac.az,,,accountants,prime-audit-and-consulting-mhdud-msuliyytli-cmiy,high,"{""matched_plaza_alias"": ""dəmirçi plaza"", ""address_type"": ""operational"", ""director"": ""HacızadəAnar Fuad oğlu""}"
plaza_tenant,plaza-0030,RSM Azerbaijan” məhdud məsuliyyətli cəmiyyəti,accounting,plaza-demirchi-tower,Dəmirçi Tower,"AZ1025, Bakı şəhəri, Xocalı prospekti 37, ""Demirchi Tower"" 18-ci mərtəbə",Bakı,(012) 480-45-71 | (055) 242-80-17 (055) 211-10-53,office@rsm.az | tural.maharramov@rsm.az | farida.hamidova@rsm.az,http://www.rsm.az | www.rsm.az,,accountants,rsm-azerbaijan-mhdud-msuliyytli-cmiyyti,high,"{""matched_plaza_alias"": ""demirchi tower"", ""address_type"": ""operational"", ""director"": ""Məhərrəmov Tural Musa oğlu""}"
plaza_tenant,plaza-0032,SVVİFT CONSULTİNG AUDİT” məhdud məsuliyyətli cəmiyyəti,accounting,plaza-demirchi-tower,Dəmirçi Tower,"AZ1025, Bakı şəhəri, Xətai rayonu, Xocalı prospekti 37, Dəmirçi Plaza, 3-cü mərtəbə",Bakı,(012) 310-34-87,suleyman.salmanov@gmail.com,,,accountants,svvift-consulting-audit-mhdud-msuliyytli-cmiyyti,high,"{""matched_plaza_alias"": ""dəmirçi plaza"", ""address_type"": ""operational"", ""director"": ""İsmayılov Seymur Ramin oğlu""}"
plaza_tenant,plaza-0006,AUDİT ACADEMY” məhdud məsuliyyətli cəmiyyəti,accounting,plaza-english-yard,English Yard Biznes Mərkəzi,"AZ1069, Bakı şəhəri, Məmməd Araz küçəsi 43A, English Yard Biznes mərkəzi",Bakı,(055) 555-33-05,naghiyev.ef@gmail.com,,,accountants,audit-academy-mhdud-msuliyytli-cmiyyti,high,"{""matched_plaza_alias"": ""english yard biznes mərkəzi"", ""address_type"": ""operational"", ""director"": ""Nağıyev Elvin Fikrət oğlu""}"
plaza_tenant,plaza-0040,"AVER RECORDS"" MƏHDUD MƏSULİYYƏTLİ CƏMİYYƏTİ",company,plaza-english-yard,English Yard Biznes Mərkəzi,"AZ1106, BAKI ŞƏHƏRİ NƏRİMANOV RAYONU, M. ARAZ, ev.43, mərtəbə 3, English Yard ticarət mərkəzi, m.16",Bakı,,,,1506251701,legal_entities_tax_address,1506251701,high,"{""matched_plaza_alias"": ""english yard"", ""address_type"": ""tax_legal"", ""tax_active"": ""true"", ""tax_status"": ""Aktiv""}"
plaza_tenant,plaza-0014,CONSULTİNGGROUP” məhdud m ə suliyy ə tli c ə miyy ə ti,accounting,plaza-esra-plaza,Esra Plaza,"AZ1075, Bakı şəhəri, Nərimanov rayonu, Ə.Rəcəbli küçəsi, “Esra Plaza” A blok, 4-cü mərtəbə",Bakı,(012) 465-75-15 | (050) 500-06-65,office@consultinggroup.az | elchin.a@consultinggroup.az,http://www.consultinggroup.az | www.consultinggroup.az,,accountants,consultinggroup-mhdud-m-suliyy-tli-c-miyy-ti,high,"{""matched_plaza_alias"": ""esra plaza"", ""address_type"": ""operational"", ""director"": ""Əkbərov Elçin Ehtibar oğlu""}"
plaza_tenant,plaza-0067,"PURE CARE"" Məhdud Məsuliyyətli Cəmiyyəti",company,plaza-esra-plaza,Esra Plaza,"AZ1052, BAKI ŞƏHƏRİ NƏRİMANOV RAYONU, ƏHMƏD RƏCƏBLİ 2, ev.ESRA PLAZA",Bakı,,,,1504402071,legal_entities_tax_address,1504402071,high,"{""matched_plaza_alias"": ""esra plaza"", ""address_type"": ""tax_legal"", ""tax_active"": ""true"", ""tax_status"": ""Aktiv""}"
plaza_tenant,plaza-0003,"Alfa-Audit"" qapalı səhmdar cəmiyyəti",accounting,plaza-falez-plaza,Falez Plaza,"AZ1078, Bakı şəhəri, Nəsimi rayonu, Akademik Həsən Əliyev küçəsi 4/189, Falez Plaza 6-cı mərtəbə",Bakı,(012) 594-20-64,info@alfa-audit.com,http://www.alfa.com.az | www.alfa.com.az,,accountants,alfa-audit-qapal-shmdar-cmiyyti,high,"{""matched_plaza_alias"": ""falez plaza"", ""address_type"": ""operational"", ""director"": ""Musayev Vəli Malik oğlu""}"
plaza_tenant,plaza-0046,"EKVİTA  LEGAL AND TAX SERVİCES"" MƏHDUD MƏSULİYYƏTLİ CƏMİYYƏTİ",company,plaza-falez-plaza,Falez Plaza,"AZ1078, BAKI ŞƏHƏRİ NƏSİMİ RAYONU, AK.HƏSƏN ƏLİYEV, ev.4/189, FALEZ PLAZA, 6-CI MƏRTƏBƏ",Bakı,,,,1402736081,legal_entities_tax_address,1402736081,high,"{""matched_plaza_alias"": ""falez plaza"", ""address_type"": ""tax_legal"", ""tax_active"": ""true"", ""tax_status"": ""Aktiv""}"
plaza_tenant,plaza-0056,"LONDON OFFSHORE CONSULTANT VLL"" MƏHDUD MƏSULİYYƏTLİ ŞİRKƏTİNİN AZƏRBAYCAN RESPUBLİKASINDAKI FİLİALI",company,plaza-falez-plaza,Falez Plaza,"AZ1078, BAKI ŞƏHƏRİ NƏSİMİ RAYONU, AK.HƏSƏN ƏLİYEV, ev.4/189, FALEZ PLAZA, 6-CI MƏRTƏBƏ",Bakı,,,,1403240031,legal_entities_tax_address,1403240031,high,"{""matched_plaza_alias"": ""falez plaza"", ""address_type"": ""tax_legal"", ""tax_active"": ""false"", ""tax_status"": ""Aktiv""}"
plaza_tenant,plaza-0057,"MANAGEMENT STRATEGİC FİNANCİAL ASSOCİATES SL"" ŞİRKƏTİNİN AZƏRBAYCAN REPUBLİKASINDAKI FİLİALI",company,plaza-falez-plaza,Falez Plaza,"AZ1078, BAKI ŞƏHƏRİ NƏSİMİ RAYONU, AK.HƏSƏN ƏLİYEV, ev.4/189, FALEZ PLAZA, 6-CI MƏRTƏBƏ",Bakı,,,,1403146091,legal_entities_tax_address,1403146091,high,"{""matched_plaza_alias"": ""falez plaza"", ""address_type"": ""tax_legal"", ""tax_active"": ""true"", ""tax_status"": ""Aktiv""}"
plaza_tenant,plaza-0058,"MASTERCARD EUROPE SA"" ŞİRKƏTİNİN AZƏRBAYCAN RESPUBLİKASINDAKI NÜMAYƏNDƏLİYİ",company,plaza-falez-plaza,Falez Plaza,"AZ1078, BAKI ŞƏHƏRİ NƏSİMİ RAYONU, AK.HƏSƏN ƏLİYEV, ev.4/189, FALEZ PLAZA 6-CI MƏRTƏBƏ",Bakı,,,,1403433041,legal_entities_tax_address,1403433041,high,"{""matched_plaza_alias"": ""falez plaza"", ""address_type"": ""tax_legal"", ""tax_active"": ""true"", ""tax_status"": ""Aktiv""}"
plaza_tenant,plaza-0071,"SHAHDAG PRODUCTİON GROUP"" MƏHDUD MƏSULİYYƏTLİ CƏMİYYƏTİ",company,plaza-falez-plaza,Falez Plaza,"AZ1078, BAKI ŞƏHƏRİ NƏSİMİ RAYONU, AK.HƏSƏN ƏLİYEV, ev.4/189, FALEZ PLAZA, MƏRT. 6",Bakı,,,,1402706651,legal_entities_tax_address,1402706651,high,"{""matched_plaza_alias"": ""falez plaza"", ""address_type"": ""tax_legal"", ""tax_active"": ""true"", ""tax_status"": ""Aktiv""}"
plaza_tenant,plaza-0004,ARQUMENT AUDİT” məhdud məsuliyyətli cəmiyyəti,accounting,plaza-globus-center,Globus Center,"AZ1065, Bakı şəhəri, Yasamal rayonu, C.Cabbarlı küçəsi, Globus Center 16-cı mərtəbə, ev 609-cu məhəllə, qapı 1",Bakı,(051) 207-10-82,arqumentaudit@mail.ru | s.aliyev@biznes-audit.az,,,accountants,arqument-audit-mhdud-msuliyytli-cmiyyti,high,"{""matched_plaza_alias"": ""globus center"", ""address_type"": ""operational"", ""director"": ""Əliyev Sadiq Zabit oğlu""}"
plaza_tenant,plaza-0013,BiznesAudit” məhdud m ə suliyy ə tli c ə miyy əti,accounting,plaza-globus-center,Globus Center,"AZ1065, Bakı şəhəri, Yasamal rayonu, C.Cabbarlı küçəsi 609, Globus Center 16-cı mərtəbə",Bakı,(050) 255-59-04,office@biznes-audit.az | meherrem@biznes-audit.az,http://www.biznes-audit.az | www.biznes-audit.az,,accountants,biznesaudit-mhdud-m-suliyy-tli-c-miyy-ti,high,"{""matched_plaza_alias"": ""globus center"", ""address_type"": ""operational"", ""director"": ""Əliyev Məhərrəm Fayaz oğlu""}"
plaza_tenant,plaza-0015,DavudMamedov” məhdudmə suliyy ə tli auditor c ə miyy ə ti,accounting,plaza-globus-center,Globus Center,"AZ1065, Bakı şəhəri, C.Cabbarlı küçəsi 609, Globus Center 16-cı mərtəbə",Bakı,(012) 404-85-48 | (050) 554-81-42,mail@davudmamedov.com,http://www.davudmamedov.com | www.davudmamedov.com,,accountants,davudmamedov-mhdudm-suliyy-tli-auditor-c-miyy-ti,high,"{""matched_plaza_alias"": ""globus center"", ""address_type"": ""operational"", ""director"": ""Məmmədov Davud Zahid oğlu""}"
plaza_tenant,plaza-0024,Parker Russell Azerbaijan” məhdud məsuliyyətli cəmiyyəti,accounting,plaza-hyatt-tower-i,Hyatt Tower I,"AZ1065, Bakı şəhəri, Abbasqulu Ağa Bakıxanov pr 1, HYATT Tower I, 3-cü mərtəbə",Bakı,(012) 505-58-47 | (050) 225-79-15,office@parkerrussell.az,www.parkerrusell.az,,accountants,parker-russell-azerbaijan-mhdud-msuliyytli-cmiyy,high,"{""matched_plaza_alias"": ""hyatt tower i"", ""address_type"": ""operational"", ""director"": ""Abdinova Elnurə Tofiq qızı""}"
plaza_tenant,plaza-0042,"BRİTİSH CHAMBER OF COMMERCE AZERBAİJAN LTD"" ŞİRKƏTİNİN AZƏRBAYCAN RESPUBLİKASINDAKI FİLİALI",company,plaza-landmark-i,Landmark I,"AZ1010, BAKI ŞƏHƏRİ NƏSİMİ RAYONU, NİZAMİ, ev.90A, LANDMARK BUİLDİNQ III, 3-CÜ MƏRTƏBƏ",Bakı,,,,1405833431,legal_entities_tax_address,1405833431,high,"{""matched_plaza_alias"": ""landmark"", ""address_type"": ""tax_legal"", ""tax_active"": ""true"", ""tax_status"": ""Aktiv""}"
plaza_tenant,plaza-0044,"DENTONS EUROPE (CENTRAL ASİA) LİMİTED"" ŞİRKƏTİNİN AZƏRBAYCAN RESPUBLİKASINDAKI FİLİALI",company,plaza-landmark-i,Landmark I,"AZ1010, BAKI ŞƏHƏRİ NƏSİMİ RAYONU, NİZAMİ, ev.96, landmark 1,2-ci mərtəbə",Bakı,,,,1301903431,legal_entities_tax_address,1301903431,high,"{""matched_plaza_alias"": ""landmark"", ""address_type"": ""tax_legal"", ""tax_active"": ""true"", ""tax_status"": ""Aktiv""}"
plaza_tenant,plaza-0025,PRAYSVOTERHAUSKUPERS AUDİT AZƏRBAYCAN” məhdud məsuliyyətli cəmiyyəti,accounting,plaza-landmark-iii,Landmark III,"AZ1010, Bakı şəhəri, Nizami küçəsi 90 A Landmark Plaza-III, 12-ci mərtəbə",Bakı,(012) 497-25-15 (050) 209-08-87,_office@pwc.com | az%5fbaku%5foffice@pwc.com | konul.ibrahimova@pwc.com,http://www.pwc.com.az | www.pwc.com.az,,accountants,praysvoterhauskupers-audit-azrbaycan-mhdud-msuli,high,"{""matched_plaza_alias"": ""landmark plaza-iii"", ""address_type"": ""operational"", ""director"": ""Mustafayev Fəxri Üzeyir oğlu""}"
plaza_tenant,plaza-0020,İntex Audit” məhdud məsuliyyətli cəmiyyəti,accounting,plaza-maryam-plaza,Maryam Plaza,"AZ1165, Bakı şəhəri, Yasamal rayonu, B.Bağırova küçəsi, 12A, Maryam Plaza",Bakı,(012) 555-55-24 | (050) 271-72-22,office@intexaudit.az,,,accountants,intex-audit-mhdud-msuliyytli-cmiyyti,high,"{""matched_plaza_alias"": ""maryam plaza"", ""address_type"": ""operational"", ""director"": ""Əliyev Ruhin Ramiz oğlu""}"
plaza_tenant,plaza-0022,M ənd J Konsaltinq” məhdud məsuliyyətli cəmiyyəti,accounting,plaza-maryam-plaza,Maryam Plaza,"AZ1065, Bakı şəhəri, Yasamal rayonu, B.Bağırova küçəsi, Məryəm Plaza 3-cü mərtəbə",Bakı,(012) 436-86-15 | (050) 311-44-77,mandj@list.ru,,,accountants,m-nd-j-konsaltinq-mhdud-msuliyytli-cmiyyti,high,"{""matched_plaza_alias"": ""məryəm plaza"", ""address_type"": ""operational"", ""director"": ""Cəfərov Elçin Əhməd oğlu""}"
plaza_tenant,plaza-0010,BaltikKaspianAudit” m ə hdud m ə suliyy ə tli c ə miyy ə ti,accounting,plaza-oskar-plaza,Oskar Biznes Mərkəzi,"AZ1000, Bakı şəhəri, Tbilisi prospekti 30, Oskar Plaza",Bakı,(055) 200-20-77 | (050) 291-61-04,office@bcaudit.az,http://www.crowehorwath.az | www.crowehorwath.az,,accountants,baltikkaspianaudit-m-hdud-m-suliyy-tli-c-miyy-ti,high,"{""matched_plaza_alias"": ""oskar plaza"", ""address_type"": ""operational"", ""director"": ""Əsədullayev Samir Sədulla oğlu""}"
plaza_tenant,plaza-0035,Ernst & Yanq Holdinqs (SiAyEs) Bi.Vi.” şirkətinin Azərbaycan Respublikasındakı filialı,accounting,plaza-port-baku-north,Port Baku Towers — Şimal qüllə,"AZ1010, Bakı şəhəri, Port Baku Towers Biznes Mərkəzi, Cənub Qülləsi (A bloku), 9-cu mərtəbə, Neftçilər prospekti 153",Bakı,(012) 490-70-20 | (+994 12) 490-70-17 | (055) 235-15-51,baku@az.ey.com,http://www.ey.com | www.ey.com,,accountants,ernst-yanq-holdinqs-siayes-bi-vi-sirktinin-azrba,high,"{""matched_plaza_alias"": ""port baku towers b"", ""address_type"": ""operational"", ""director"": ""Vəliyev İlqar Əflatun oğlu""}"
plaza_tenant,plaza-0002,"ACCOUNT IN"" məhdud məsliyyətli cəmiyyəti",accounting,plaza-qafqaz-bc,Qafqaz Business Center,"Qafqaz Business Center, Heydər Əliyev PR., 95B",Bakı,(050) 212-33-45 (050) 226-10-76,ismayil.alakbarov@accountin.az,,,accountants,account-in-mhdud-msliyytli-cmiyyti,high,"{""matched_plaza_alias"": ""qafqaz business center"", ""address_type"": ""operational"", ""director"": ""Ələkbərov İsmayıl Sərvər oğlu""}"
plaza_tenant,plaza-0001,Abacus Audit and Consulting” məhdud məsuliyyətli cəmiyyəti,accounting,plaza-rich-plaza,Rich Plaza,"AZ1142, Bakı şəhəri, Babək prospekti 31H, Rich Plaza, 4-cü mərtəbə",Bakı,(012) 565-60-59 | (012) 310-86-59 | (055) 213-49-39 | (055) 213-47-37,info@abacusaudit.az | rufat.zeynalov@abacusaudit.az,http://www.abacusaudit.az | www.abacusaudit.az,,accountants,abacus-audit-and-consulting-mhdud-msuliyytli-cmi,high,"{""matched_plaza_alias"": ""rich plaza"", ""address_type"": ""operational"", ""director"": ""Zeynalov Rüfət Rəhman oğlu""}"
plaza_tenant,plaza-0055,"KÜR AGROINVEST"" MƏHDUD MƏSULİYYƏTLİ CƏMİYYƏTİ",company,plaza-sat-plaza,SAT Plaza Biznes Mərkəzi,"AZ1009, BAKI ŞƏHƏRİ YASAMAL RAYONU, BƏŞİR SƏFƏROĞLU, ev.133, SAT PLAZA, 7-Cİ MƏRTƏBƏ",Bakı,,,,1406235191,legal_entities_tax_address,1406235191,high,"{""matched_plaza_alias"": ""sat plaza"", ""address_type"": ""tax_legal"", ""tax_active"": ""true"", ""tax_status"": ""Aktiv""}"
plaza_tenant,plaza-0064,"NƏFƏS COACHING AND HEALING CENTER"" MƏHDUD MƏSULİYYƏTLİ CƏMİYYƏTİ",company,plaza-sks-plaza,SKS Plaza,"AZ1014, BAKI ŞƏHƏRİ NƏSİMİ RAYONU, FÜZULİ, ev.49, SKS PLAZA BİZNES MƏRKƏZİ 3-CÜ MƏRTƏBƏ",Bakı,,,,1404631731,legal_entities_tax_address,1404631731,high,"{""matched_plaza_alias"": ""sks plaza"", ""address_type"": ""tax_legal"", ""tax_active"": ""false"", ""tax_status"": ""Dayandırılmış""}"
plaza_tenant,plaza-0017,"Global Assurance"" məhdud məsuliyyətli cəmiyyəti",accounting,plaza-winter-park-plaza,Winter Park Plaza,"AZ1014, Bakı şəhəri, Resul Rza 75, Winter Park Plaza, 17-ci mərtəbə",Bakı,(012) 525-34-35 | (055) 507-77-66,office@assurance.az | adila.suleymanova@assurance.az,,,accountants,global-assurance-mhdud-msuliyytli-cmiyyti,high,"{""matched_plaza_alias"": ""winter park plaza"", ""address_type"": ""operational"", ""director"": ""Süleymanova Ədilə İldırım qızı""}"
plaza_tenant,plaza-0041,"BONAFİDE""  QAPALI SƏHMDAR CƏMİYYƏTİ",company,plaza-world-business-center,World Business Center,"AZ1014, BAKI ŞƏHƏRİ NƏSİMİ RAYONU, SƏMƏD VURĞUN, ev.83, WORLD BUSINESS CENTER, OFİS 4/3",Bakı,,,,1305656601,legal_entities_tax_address,1305656601,high,"{""matched_plaza_alias"": ""world business center"", ""address_type"": ""tax_legal"", ""tax_active"": ""true"", ""tax_status"": ""Aktiv""}"
