id,name,phone,profile_url,slug,tagline,source,source_url
trippost-0001,''Prestige Travel Company'' MMC,,https://trippost.az/turizm-sirketleri/prestige-travel-company-mmc/,prestige-travel-company-mmc,,trippost.az,https://trippost.az/explore/?type=turizm-sirketleri
trippost-0002,365 TOURİSM,,https://trippost.az/turizm-sirketleri/365-tourism/,365-tourism,,trippost.az,https://trippost.az/explore/?type=turizm-sirketleri
trippost-0003,Absheron Travel,,https://trippost.az/turizm-sirketleri/absheron-travel/,absheron-travel,,trippost.az,https://trippost.az/explore/?type=turizm-sirketleri
trippost-0004,Access Travel,,https://trippost.az/turizm-sirketleri/access-travel/,access-travel,,trippost.az,https://trippost.az/explore/?type=turizm-sirketleri
trippost-0005,Axis Travel,,https://trippost.az/turizm-sirketleri/axis-travel/,axis-travel,,trippost.az,https://trippost.az/explore/?type=turizm-sirketleri
trippost-0006,Al-Murtaza Travel,,https://trippost.az/turizm-sirketleri/al-murtaza-travel/,al-murtaza-travel,,trippost.az,https://trippost.az/explore/?type=turizm-sirketleri
trippost-0007,All Travel,,https://trippost.az/turizm-sirketleri/all-travel/,all-travel,,trippost.az,https://trippost.az/explore/?type=turizm-sirketleri
trippost-0008,Ansar LTD,,https://trippost.az/turizm-sirketleri/ansar-ltd/,ansar-ltd,,trippost.az,https://trippost.az/explore/?type=turizm-sirketleri
trippost-0009,Atlas Travel,,https://trippost.az/turizm-sirketleri/atlas-travel/,atlas-travel,,trippost.az,https://trippost.az/explore/?type=turizm-sirketleri
trippost-0010,AVA Tour,,https://trippost.az/turizm-sirketleri/ava-tour/,ava-tour,,trippost.az,https://trippost.az/explore/?type=turizm-sirketleri
trippost-0011,Aviatur Travel,,https://trippost.az/turizm-sirketleri/aviatur-travel/,aviatur-travel,,trippost.az,https://trippost.az/explore/?type=turizm-sirketleri
trippost-0012,AYS Travel Agency,,https://trippost.az/turizm-sirketleri/ays-travel-agency/,ays-travel-agency,,trippost.az,https://trippost.az/explore/?type=turizm-sirketleri
trippost-0013,AZ Travel Online,,https://trippost.az/turizm-sirketleri/az-travel-online/,az-travel-online,,trippost.az,https://trippost.az/explore/?type=turizm-sirketleri
trippost-0014,Aze Turizm,,https://trippost.az/turizm-sirketleri/aze-turizm/,aze-turizm,,trippost.az,https://trippost.az/explore/?type=turizm-sirketleri
trippost-0015,Azerbaijan Mountain Guide,,https://trippost.az/turizm-sirketleri/azerbaijan-mountain-guide/,azerbaijan-mountain-guide,,trippost.az,https://trippost.az/explore/?type=turizm-sirketleri
trippost-0016,Baku Life Travel,,https://trippost.az/turizm-sirketleri/baku-life-travel/,baku-life-travel,,trippost.az,https://trippost.az/explore/?type=turizm-sirketleri
trippost-0017,Baku Tour,,https://trippost.az/turizm-sirketleri/baku-tour/,baku-tour,,trippost.az,https://trippost.az/explore/?type=turizm-sirketleri
trippost-0018,Baku World Travel,,https://trippost.az/turizm-sirketleri/baku-world-travel/,baku-world-travel,,trippost.az,https://trippost.az/explore/?type=turizm-sirketleri
trippost-0019,Bee Tours,,https://trippost.az/turizm-sirketleri/bee-tours/,bee-tours,,trippost.az,https://trippost.az/explore/?type=turizm-sirketleri
trippost-0020,Billion Travel,,https://trippost.az/turizm-sirketleri/billion-travel/,billion-travel,,trippost.az,https://trippost.az/explore/?type=turizm-sirketleri
trippost-0021,Boeing Travel,,https://trippost.az/turizm-sirketleri/boeing-travel/,boeing-travel,,trippost.az,https://trippost.az/explore/?type=turizm-sirketleri
trippost-0022,Book and Travel,,https://trippost.az/turizm-sirketleri/book-and-travel/,book-and-travel,,trippost.az,https://trippost.az/explore/?type=turizm-sirketleri
trippost-0023,Bravo Travel,,https://trippost.az/turizm-sirketleri/bravo-travel/,bravo-travel,,trippost.az,https://trippost.az/explore/?type=turizm-sirketleri
trippost-0024,BTS Group Travel,,https://trippost.az/turizm-sirketleri/bts-group-travel/,bts-group-travel,,trippost.az,https://trippost.az/explore/?type=turizm-sirketleri
trippost-0025,Exclusive Travel Baku,,https://trippost.az/turizm-sirketleri/exclusive-travel-baku/,exclusive-travel-baku,,trippost.az,https://trippost.az/explore/?type=turizm-sirketleri
trippost-0026,Exotic Tour&Travel Company,,https://trippost.az/turizm-sirketleri/exotic-tourtravel-company/,exotic-tourtravel-company,,trippost.az,https://trippost.az/explore/?type=turizm-sirketleri
trippost-0027,Empathy Travel,,https://trippost.az/turizm-sirketleri/empathy-travel/,empathy-travel,,trippost.az,https://trippost.az/explore/?type=turizm-sirketleri
trippost-0028,ERATUR,,https://trippost.az/turizm-sirketleri/eratur/,eratur,,trippost.az,https://trippost.az/explore/?type=turizm-sirketleri
trippost-0029,Esma Travel,,https://trippost.az/turizm-sirketleri/esma-travel/,esma-travel,,trippost.az,https://trippost.az/explore/?type=turizm-sirketleri
trippost-0030,Eva Travel,,https://trippost.az/turizm-sirketleri/eva-travel/,eva-travel,,trippost.az,https://trippost.az/explore/?type=turizm-sirketleri
trippost-0031,Fartour Travel MMC,,https://trippost.az/turizm-sirketleri/fartour-travel-mmc/,fartour-travel-mmc,,trippost.az,https://trippost.az/explore/?type=turizm-sirketleri
trippost-0032,Fly Agent Travel,,https://trippost.az/turizm-sirketleri/fly-agent-travel/,fly-agent-travel,,trippost.az,https://trippost.az/explore/?type=turizm-sirketleri
trippost-0033,Fly Tour MMC,,https://trippost.az/turizm-sirketleri/fly-tour-mmc/,fly-tour-mmc,,trippost.az,https://trippost.az/explore/?type=turizm-sirketleri
trippost-0034,Frisaga,,https://trippost.az/turizm-sirketleri/frisaga/,frisaga,,trippost.az,https://trippost.az/explore/?type=turizm-sirketleri
trippost-0035,Get Travel,,https://trippost.az/turizm-sirketleri/gettravel/,gettravel,,trippost.az,https://trippost.az/explore/?type=turizm-sirketleri
trippost-0036,GlobalTours369,,https://trippost.az/turizm-sirketleri/globaltours369/,globaltours369,,trippost.az,https://trippost.az/explore/?type=turizm-sirketleri
trippost-0037,Go Holiday Travel,,https://trippost.az/turizm-sirketleri/go-holiday-travel/,go-holiday-travel,,trippost.az,https://trippost.az/explore/?type=turizm-sirketleri
trippost-0038,GranitAS,,https://trippost.az/turizm-sirketleri/granitas/,granitas,,trippost.az,https://trippost.az/explore/?type=turizm-sirketleri
trippost-0039,Green Apple MICE & Leisure Travel,,https://trippost.az/turizm-sirketleri/green-apple-mice-leisure-travel/,green-apple-mice-leisure-travel,,trippost.az,https://trippost.az/explore/?type=turizm-sirketleri
trippost-0040,GS Travel Agency,,https://trippost.az/turizm-sirketleri/gs-travel-agency/,gs-travel-agency,,trippost.az,https://trippost.az/explore/?type=turizm-sirketleri
trippost-0041,GTT Travel,,https://trippost.az/turizm-sirketleri/gtt-travel/,gtt-travel,,trippost.az,https://trippost.az/explore/?type=turizm-sirketleri
trippost-0042,Xalcha Travel MMC,,https://trippost.az/turizm-sirketleri/xalcha-travel-mmc-2/,xalcha-travel-mmc-2,,trippost.az,https://trippost.az/explore/?type=turizm-sirketleri
trippost-0043,Xan Qızı Travel,,https://trippost.az/turizm-sirketleri/xan-qizi-travel/,xan-qizi-travel,,trippost.az,https://trippost.az/explore/?type=turizm-sirketleri
trippost-0044,Inovation Art and Travel Center,,https://trippost.az/turizm-sirketleri/inovation-art-and-travel-center/,inovation-art-and-travel-center,,trippost.az,https://trippost.az/explore/?type=turizm-sirketleri
trippost-0045,Izz Travel,,https://trippost.az/turizm-sirketleri/izz-travel/,izz-travel,,trippost.az,https://trippost.az/explore/?type=turizm-sirketleri
trippost-0046,Jasmin Travel,,https://trippost.az/turizm-sirketleri/jasmin-travel/,jasmin-travel,,trippost.az,https://trippost.az/explore/?type=turizm-sirketleri
trippost-0047,Kainat Travel,,https://trippost.az/turizm-sirketleri/kainat-travel/,kainat-travel,,trippost.az,https://trippost.az/explore/?type=turizm-sirketleri
trippost-0048,Karabakh Travel Tours,,https://trippost.az/turizm-sirketleri/karabakh-travel-tours/,karabakh-travel-tours,,trippost.az,https://trippost.az/explore/?type=turizm-sirketleri
trippost-0049,Kaspi Travel,,https://trippost.az/turizm-sirketleri/kaspi-travel/,kaspi-travel,,trippost.az,https://trippost.az/explore/?type=turizm-sirketleri
trippost-0050,Legal Tourism Company,,https://trippost.az/turizm-sirketleri/legal-tourism-company-2/,legal-tourism-company-2,,trippost.az,https://trippost.az/explore/?type=turizm-sirketleri
trippost-0051,Leon Travel,,https://trippost.az/turizm-sirketleri/leon-travel/,leon-travel,,trippost.az,https://trippost.az/explore/?type=turizm-sirketleri
trippost-0052,Level Group MMC,,https://trippost.az/turizm-sirketleri/level-group-mmc/,level-group-mmc,,trippost.az,https://trippost.az/explore/?type=turizm-sirketleri
trippost-0053,Limak Travel,,https://trippost.az/turizm-sirketleri/limak-travel/,limak-travel,,trippost.az,https://trippost.az/explore/?type=turizm-sirketleri
trippost-0054,Macara Travel MMC,,https://trippost.az/turizm-sirketleri/macara-travel-mmc/,macara-travel-mmc,,trippost.az,https://trippost.az/explore/?type=turizm-sirketleri
trippost-0055,MER Travel,,https://trippost.az/turizm-sirketleri/mer-travel/,mer-travel,,trippost.az,https://trippost.az/explore/?type=turizm-sirketleri
trippost-0056,Mood Travel,,https://trippost.az/turizm-sirketleri/mood-travel/,mood-travel,,trippost.az,https://trippost.az/explore/?type=turizm-sirketleri
trippost-0057,Narem Travel MMC,,https://trippost.az/turizm-sirketleri/narem-travel-mmc/,narem-travel-mmc,,trippost.az,https://trippost.az/explore/?type=turizm-sirketleri
trippost-0058,Olympos Travel MMC,,https://trippost.az/turizm-sirketleri/olympos-travel-mmmc/,olympos-travel-mmmc,,trippost.az,https://trippost.az/explore/?type=turizm-sirketleri
trippost-0059,Orange Travel,,https://trippost.az/turizm-sirketleri/orange-travel/,orange-travel,,trippost.az,https://trippost.az/explore/?type=turizm-sirketleri
trippost-0060,Passport Travel MMC,,https://trippost.az/turizm-sirketleri/passport-travel-mmc/,passport-travel-mmc,,trippost.az,https://trippost.az/explore/?type=turizm-sirketleri
trippost-0061,R-travel&Tour,,https://trippost.az/turizm-sirketleri/r-traveltour/,r-traveltour,,trippost.az,https://trippost.az/explore/?type=turizm-sirketleri
trippost-0062,RR Travel Company MMC,,https://trippost.az/turizm-sirketleri/rr-travel-company-mmc/,rr-travel-company-mmc,,trippost.az,https://trippost.az/explore/?type=turizm-sirketleri
trippost-0063,Savtour MMC,,https://trippost.az/turizm-sirketleri/savtour-mmc/,savtour-mmc,,trippost.az,https://trippost.az/explore/?type=turizm-sirketleri
trippost-0064,Selena Tour MMC,,https://trippost.az/turizm-sirketleri/selena-tour-mmc/,selena-tour-mmc,,trippost.az,https://trippost.az/explore/?type=turizm-sirketleri
trippost-0065,Space Travel MMC,,https://trippost.az/turizm-sirketleri/space-travel-mmc/,space-travel-mmc,,trippost.az,https://trippost.az/explore/?type=turizm-sirketleri
trippost-0066,Summer Travel,,https://trippost.az/turizm-sirketleri/summer-travel/,summer-travel,,trippost.az,https://trippost.az/explore/?type=turizm-sirketleri
trippost-0067,Sun-L Travel,,https://trippost.az/turizm-sirketleri/sun-l-travel/,sun-l-travel,,trippost.az,https://trippost.az/explore/?type=turizm-sirketleri
trippost-0068,Take Off,,https://trippost.az/turizm-sirketleri/take-off/,take-off,,trippost.az,https://trippost.az/explore/?type=turizm-sirketleri
trippost-0069,Temp Travel,,https://trippost.az/turizm-sirketleri/temp-travel/,temp-travel,,trippost.az,https://trippost.az/explore/?type=turizm-sirketleri
trippost-0070,Time Travel Services,,https://trippost.az/turizm-sirketleri/time-travel-services/,time-travel-services,,trippost.az,https://trippost.az/explore/?type=turizm-sirketleri
trippost-0071,Travel Expert Azerbaijan DMC,,https://trippost.az/turizm-sirketleri/travel-expert-azerbaijan-dmc/,travel-expert-azerbaijan-dmc,,trippost.az,https://trippost.az/explore/?type=turizm-sirketleri
trippost-0072,Travelstore.az,,https://trippost.az/turizm-sirketleri/travelstore-az/,travelstore-az,,trippost.az,https://trippost.az/explore/?type=turizm-sirketleri
trippost-0073,Turizm.Az,,https://trippost.az/turizm-sirketleri/turizm-az/,turizm-az,,trippost.az,https://trippost.az/explore/?type=turizm-sirketleri
trippost-0074,Ulduz Tourism,,https://trippost.az/turizm-sirketleri/ulduz-tourism/,ulduz-tourism,,trippost.az,https://trippost.az/explore/?type=turizm-sirketleri
trippost-0075,Yes Travel MMC,,https://trippost.az/turizm-sirketleri/yes-travel-mmc/,yes-travel-mmc,,trippost.az,https://trippost.az/explore/?type=turizm-sirketleri
trippost-0076,Yusi Ko Travel,,https://trippost.az/turizm-sirketleri/yusi-ko-travel/,yusi-ko-travel,,trippost.az,https://trippost.az/explore/?type=turizm-sirketleri
trippost-0077,ZD Travel,,https://trippost.az/turizm-sirketleri/zd-travel/,zd-travel,,trippost.az,https://trippost.az/explore/?type=turizm-sirketleri