id,list_number,name,entity_type,legal_form,activity_types,is_operator,is_internet_provider,is_host_provider,website,source,source_url
telecom-001,1,Intra Network System,company,MMC,Host provayderi,no,no,yes,,az.wikipedia.org,https://az.wikipedia.org/wiki/Az%C9%99rbaycan_operator_v%C9%99_provayderl%C9%99rinin_siyah%C4%B1s%C4%B1
telecom-002,2,Our Technology,company,MMC,Host provayderi,no,no,yes,https://www.ourhost.az,az.wikipedia.org,https://az.wikipedia.org/wiki/Az%C9%99rbaycan_operator_v%C9%99_provayderl%C9%99rinin_siyah%C4%B1s%C4%B1
telecom-003,3,Global Technology Services,organization,,Host provayderi,no,no,yes,https://www.gtservices.az,az.wikipedia.org,https://az.wikipedia.org/wiki/Az%C9%99rbaycan_operator_v%C9%99_provayderl%C9%99rinin_siyah%C4%B1s%C4%B1
telecom-004,4,Caspinet,company,MMC,Host provayderi,no,no,yes,,az.wikipedia.org,https://az.wikipedia.org/wiki/Az%C9%99rbaycan_operator_v%C9%99_provayderl%C9%99rinin_siyah%C4%B1s%C4%B1
telecom-005,5,Rəhimli Mürvət Asif Oğlu,individual,,Host provayderi,no,no,yes,,az.wikipedia.org,https://az.wikipedia.org/wiki/Az%C9%99rbaycan_operator_v%C9%99_provayderl%C9%99rinin_siyah%C4%B1s%C4%B1
telecom-006,6,Mikrotex,company,MMC,Host provayderi,no,no,yes,,az.wikipedia.org,https://az.wikipedia.org/wiki/Az%C9%99rbaycan_operator_v%C9%99_provayderl%C9%99rinin_siyah%C4%B1s%C4%B1
telecom-007,7,Şıxıyev Hüseyn Mehman Oğlu,individual,,Host provayderi,no,no,yes,https://my.senseihost.com,az.wikipedia.org,https://az.wikipedia.org/wiki/Az%C9%99rbaycan_operator_v%C9%99_provayderl%C9%99rinin_siyah%C4%B1s%C4%B1
telecom-008,8,Az-evro Tel,company,MMC,"Operator, internet provayderi, host provayderi",yes,yes,yes,https://www.azeurotel.az,az.wikipedia.org,https://az.wikipedia.org/wiki/Az%C9%99rbaycan_operator_v%C9%99_provayderl%C9%99rinin_siyah%C4%B1s%C4%B1
telecom-009,9,Bakı Telefon Rabitəsi,company,MMC,Operator,yes,no,no,https://www.baktelecom.az,az.wikipedia.org,https://az.wikipedia.org/wiki/Az%C9%99rbaycan_operator_v%C9%99_provayderl%C9%99rinin_siyah%C4%B1s%C4%B1
telecom-010,10,Aztelekom,company,MMC,Operator,yes,no,no,https://www.aztelekom.az,az.wikipedia.org,https://az.wikipedia.org/wiki/Az%C9%99rbaycan_operator_v%C9%99_provayderl%C9%99rinin_siyah%C4%B1s%C4%B1
telecom-011,11,Azercell Telekom,company,MMC,Operator,yes,no,no,https://www.azercell.com,az.wikipedia.org,https://az.wikipedia.org/wiki/Az%C9%99rbaycan_operator_v%C9%99_provayderl%C9%99rinin_siyah%C4%B1s%C4%B1
telecom-012,12,Eurosel,company,MMC,"Operator, internet provayderi",yes,yes,no,https://www.eurosel.az,az.wikipedia.org,https://az.wikipedia.org/wiki/Az%C9%99rbaycan_operator_v%C9%99_provayderl%C9%99rinin_siyah%C4%B1s%C4%B1
telecom-013,13,Konnekt,company,QSC,"Operator, internet provayderi",yes,yes,no,https://www.connect.az/az,az.wikipedia.org,https://az.wikipedia.org/wiki/Az%C9%99rbaycan_operator_v%C9%99_provayderl%C9%99rinin_siyah%C4%B1s%C4%B1
telecom-014,14,Transevrokom,company,MMC,"Operator, internet provayderi",yes,yes,no,https://www.transeurocom.az,az.wikipedia.org,https://az.wikipedia.org/wiki/Az%C9%99rbaycan_operator_v%C9%99_provayderl%C9%99rinin_siyah%C4%B1s%C4%B1
telecom-015,15,Azeronline Ltd,company,BM,"Operator, internet provayderi",yes,yes,no,https://www.azeronline.com,az.wikipedia.org,https://az.wikipedia.org/wiki/Az%C9%99rbaycan_operator_v%C9%99_provayderl%C9%99rinin_siyah%C4%B1s%C4%B1
telecom-016,16,Alfanet,company,MMC,"Operator, internet provayderi, host provayderi",yes,yes,yes,https://www.alfanet.az,az.wikipedia.org,https://az.wikipedia.org/wiki/Az%C9%99rbaycan_operator_v%C9%99_provayderl%C9%99rinin_siyah%C4%B1s%C4%B1
telecom-017,17,Bulud Telecom,company,MMC,"Operator, internet provayderi",yes,yes,no,https://buludtelecom.com,az.wikipedia.org,https://az.wikipedia.org/wiki/Az%C9%99rbaycan_operator_v%C9%99_provayderl%C9%99rinin_siyah%C4%B1s%C4%B1
telecom-018,18,Kaspian Telekom,company,MMC,"Operator, internet provayderi",yes,yes,no,https://www.castel.az,az.wikipedia.org,https://az.wikipedia.org/wiki/Az%C9%99rbaycan_operator_v%C9%99_provayderl%C9%99rinin_siyah%C4%B1s%C4%B1
telecom-019,19,Sparktel,company,MMC,"Operator, internet provayderi",yes,yes,no,https://www.sparktel.az,az.wikipedia.org,https://az.wikipedia.org/wiki/Az%C9%99rbaycan_operator_v%C9%99_provayderl%C9%99rinin_siyah%C4%B1s%C4%B1
telecom-020,20,Data Plus,company,MMC,İnternet provayderi,no,no,no,,az.wikipedia.org,https://az.wikipedia.org/wiki/Az%C9%99rbaycan_operator_v%C9%99_provayderl%C9%99rinin_siyah%C4%B1s%C4%B1
telecom-021,21,Ultel,company,MMC,"Operator, internet provayderi, host provayderi",yes,yes,yes,https://www.ultel.az,az.wikipedia.org,https://az.wikipedia.org/wiki/Az%C9%99rbaycan_operator_v%C9%99_provayderl%C9%99rinin_siyah%C4%B1s%C4%B1
telecom-022,22,Proksi,company,MMC,"Operator, internet provayderi",yes,yes,no,https://www.proksi.az,az.wikipedia.org,https://az.wikipedia.org/wiki/Az%C9%99rbaycan_operator_v%C9%99_provayderl%C9%99rinin_siyah%C4%B1s%C4%B1
telecom-023,23,Gsp,company,MMC,"Operator, internet provayderi, host provayderi",yes,yes,yes,https://www.aznetwork.net,az.wikipedia.org,https://az.wikipedia.org/wiki/Az%C9%99rbaycan_operator_v%C9%99_provayderl%C9%99rinin_siyah%C4%B1s%C4%B1
telecom-024,24,Azfibernet,company,MMC,"Operator, internet provayderi, host provayderi",yes,yes,yes,https://www.azfiber.net,az.wikipedia.org,https://az.wikipedia.org/wiki/Az%C9%99rbaycan_operator_v%C9%99_provayderl%C9%99rinin_siyah%C4%B1s%C4%B1
telecom-025,25,Azqtel,company,MMC,"Operator, internet provayderi",yes,yes,no,https://www.sazz.az,az.wikipedia.org,https://az.wikipedia.org/wiki/Az%C9%99rbaycan_operator_v%C9%99_provayderl%C9%99rinin_siyah%C4%B1s%C4%B1
telecom-026,26,Azerfon,company,MMC,Operator,yes,no,no,https://www.nar.az,az.wikipedia.org,https://az.wikipedia.org/wiki/Az%C9%99rbaycan_operator_v%C9%99_provayderl%C9%99rinin_siyah%C4%B1s%C4%B1
telecom-027,27,Bakcell,company,MMC,Operator,yes,no,no,https://bakcell.az,az.wikipedia.org,https://az.wikipedia.org/wiki/Az%C9%99rbaycan_operator_v%C9%99_provayderl%C9%99rinin_siyah%C4%B1s%C4%B1
telecom-028,28,Azertelekom,company,MMC,Operator,yes,no,no,https://www.azertelecom.az,az.wikipedia.org,https://az.wikipedia.org/wiki/Az%C9%99rbaycan_operator_v%C9%99_provayderl%C9%99rinin_siyah%C4%B1s%C4%B1
telecom-029,29,AzInTelecom,company,MMC,"İnternet provayderi, host provayderi",no,no,yes,https://azintelecom.az,az.wikipedia.org,https://az.wikipedia.org/wiki/Az%C9%99rbaycan_operator_v%C9%99_provayderl%C9%99rinin_siyah%C4%B1s%C4%B1
telecom-030,30,Ag Telekom,company,MMC,"Operator, internet provayderi",yes,yes,no,https://www.katv1.az,az.wikipedia.org,https://az.wikipedia.org/wiki/Az%C9%99rbaycan_operator_v%C9%99_provayderl%C9%99rinin_siyah%C4%B1s%C4%B1
telecom-031,31,Rahat Telecom,company,MMC,"Operator, internet provayderi",yes,yes,no,https://www.rahattelecom.az,az.wikipedia.org,https://az.wikipedia.org/wiki/Az%C9%99rbaycan_operator_v%C9%99_provayderl%C9%99rinin_siyah%C4%B1s%C4%B1
telecom-032,32,Uninet,company,MMC,"Operator, internet provayderi",yes,yes,no,https://uninet.az,az.wikipedia.org,https://az.wikipedia.org/wiki/Az%C9%99rbaycan_operator_v%C9%99_provayderl%C9%99rinin_siyah%C4%B1s%C4%B1
telecom-033,33,Delta Telekom Ltd,company,MMM,"Operator, internet provayderi, host provayderi",yes,yes,yes,https://www.delta-telecom.net/az,az.wikipedia.org,https://az.wikipedia.org/wiki/Az%C9%99rbaycan_operator_v%C9%99_provayderl%C9%99rinin_siyah%C4%B1s%C4%B1
telecom-034,34,Selnet,company,MMC,"Operator, internet provayderi",yes,yes,no,https://selnet.az,az.wikipedia.org,https://az.wikipedia.org/wiki/Az%C9%99rbaycan_operator_v%C9%99_provayderl%C9%99rinin_siyah%C4%B1s%C4%B1
telecom-035,35,Technonet,company,MMC,"Operator, internet provayderi",yes,yes,no,,az.wikipedia.org,https://az.wikipedia.org/wiki/Az%C9%99rbaycan_operator_v%C9%99_provayderl%C9%99rinin_siyah%C4%B1s%C4%B1
telecom-036,36,Sn Telecom,company,MMC,"Operator, internet provayderi",yes,yes,no,https://www.sntv.az,az.wikipedia.org,https://az.wikipedia.org/wiki/Az%C9%99rbaycan_operator_v%C9%99_provayderl%C9%99rinin_siyah%C4%B1s%C4%B1
telecom-037,37,Megalink,company,MMC,Operator,yes,no,no,https://www.megalink.az,az.wikipedia.org,https://az.wikipedia.org/wiki/Az%C9%99rbaycan_operator_v%C9%99_provayderl%C9%99rinin_siyah%C4%B1s%C4%B1
telecom-038,38,Super optik tech,company,MMC,Operator,yes,no,no,https://www.superoptic.net,az.wikipedia.org,https://az.wikipedia.org/wiki/Az%C9%99rbaycan_operator_v%C9%99_provayderl%C9%99rinin_siyah%C4%B1s%C4%B1
telecom-039,39,Netpoint,company,MMC,Operator,yes,no,no,https://www.netpoint.az,az.wikipedia.org,https://az.wikipedia.org/wiki/Az%C9%99rbaycan_operator_v%C9%99_provayderl%C9%99rinin_siyah%C4%B1s%C4%B1
telecom-040,40,Bilev Net,company,MMC,"Operator, internet provayderi",yes,yes,no,https://www.bilevnet.az,az.wikipedia.org,https://az.wikipedia.org/wiki/Az%C9%99rbaycan_operator_v%C9%99_provayderl%C9%99rinin_siyah%C4%B1s%C4%B1
telecom-041,41,Skylink,company,MMC,"Operator, internet provayderi",yes,yes,no,,az.wikipedia.org,https://az.wikipedia.org/wiki/Az%C9%99rbaycan_operator_v%C9%99_provayderl%C9%99rinin_siyah%C4%B1s%C4%B1
telecom-042,42,Uplink,company,MMC,"Operator, internet provayderi",yes,yes,no,https://www.uplink.az,az.wikipedia.org,https://az.wikipedia.org/wiki/Az%C9%99rbaycan_operator_v%C9%99_provayderl%C9%99rinin_siyah%C4%B1s%C4%B1
telecom-043,43,İzone,company,MMC,"Operator, internet provayderi",yes,yes,no,https://www.izone.az,az.wikipedia.org,https://az.wikipedia.org/wiki/Az%C9%99rbaycan_operator_v%C9%99_provayderl%C9%99rinin_siyah%C4%B1s%C4%B1
telecom-044,44,Boss Group,company,MMC,"Operator, internet provayderi",yes,yes,no,,az.wikipedia.org,https://az.wikipedia.org/wiki/Az%C9%99rbaycan_operator_v%C9%99_provayderl%C9%99rinin_siyah%C4%B1s%C4%B1
telecom-045,45,Caspel,company,MMC,Operator,yes,no,no,https://www.caspel.com,az.wikipedia.org,https://az.wikipedia.org/wiki/Az%C9%99rbaycan_operator_v%C9%99_provayderl%C9%99rinin_siyah%C4%B1s%C4%B1
telecom-046,46,Saffcell,company,MMC,"Operator, internet provayderi",yes,yes,no,https://www.saffcell.az,az.wikipedia.org,https://az.wikipedia.org/wiki/Az%C9%99rbaycan_operator_v%C9%99_provayderl%C9%99rinin_siyah%C4%B1s%C4%B1
telecom-047,47,Umna,company,MMC,"Operator, internet provayderi",yes,yes,no,,az.wikipedia.org,https://az.wikipedia.org/wiki/Az%C9%99rbaycan_operator_v%C9%99_provayderl%C9%99rinin_siyah%C4%B1s%C4%B1
telecom-048,48,Smart Sistemz Technoloji,company,MMM,"Operator, internet provayderi",yes,yes,no,https://www.smart.az,az.wikipedia.org,https://az.wikipedia.org/wiki/Az%C9%99rbaycan_operator_v%C9%99_provayderl%C9%99rinin_siyah%C4%B1s%C4%B1
telecom-049,49,Avirtel,company,MMC,İnternet provayderi,no,no,no,https://www.avirtel.az,az.wikipedia.org,https://az.wikipedia.org/wiki/Az%C9%99rbaycan_operator_v%C9%99_provayderl%C9%99rinin_siyah%C4%B1s%C4%B1
telecom-050,50,Teleport,company,MMC,"Operator, internet provayderi",yes,yes,no,https://www.teleport.az,az.wikipedia.org,https://az.wikipedia.org/wiki/Az%C9%99rbaycan_operator_v%C9%99_provayderl%C9%99rinin_siyah%C4%B1s%C4%B1
telecom-051,51,Ttnet,company,MMC,"Operator, internet provayderi",yes,yes,no,https://www.ttnet.az,az.wikipedia.org,https://az.wikipedia.org/wiki/Az%C9%99rbaycan_operator_v%C9%99_provayderl%C9%99rinin_siyah%C4%B1s%C4%B1
telecom-052,52,Hypernet,company,MMC,"Operator, internet provayderi",yes,yes,no,https://www.hypernet.az,az.wikipedia.org,https://az.wikipedia.org/wiki/Az%C9%99rbaycan_operator_v%C9%99_provayderl%C9%99rinin_siyah%C4%B1s%C4%B1
telecom-053,53,Nest,company,MMC,"Operator, internet provayderi",yes,yes,no,https://www.nestfiber.az,az.wikipedia.org,https://az.wikipedia.org/wiki/Az%C9%99rbaycan_operator_v%C9%99_provayderl%C9%99rinin_siyah%C4%B1s%C4%B1
telecom-054,54,Speednet,company,MMC,"Operator, internet provayderi",yes,yes,no,,az.wikipedia.org,https://az.wikipedia.org/wiki/Az%C9%99rbaycan_operator_v%C9%99_provayderl%C9%99rinin_siyah%C4%B1s%C4%B1
telecom-055,55,Beeonline,company,ASC,"Operator, internet provayderi",yes,yes,no,https://www.beeonline.az,az.wikipedia.org,https://az.wikipedia.org/wiki/Az%C9%99rbaycan_operator_v%C9%99_provayderl%C9%99rinin_siyah%C4%B1s%C4%B1
telecom-056,56,Optik İinternet Provaiders,company,MMC,"Operator, internet provayderi",yes,yes,no,,az.wikipedia.org,https://az.wikipedia.org/wiki/Az%C9%99rbaycan_operator_v%C9%99_provayderl%C9%99rinin_siyah%C4%B1s%C4%B1
telecom-057,57,Seabak,company,MMC,"Operator, internet provayderi, host provayderi",yes,yes,yes,https://www.seabak.com,az.wikipedia.org,https://az.wikipedia.org/wiki/Az%C9%99rbaycan_operator_v%C9%99_provayderl%C9%99rinin_siyah%C4%B1s%C4%B1
telecom-058,58,Qafqaznet,company,MMC,"Operator, internet provayderi",yes,yes,no,https://www.qafqaz.net,az.wikipedia.org,https://az.wikipedia.org/wiki/Az%C9%99rbaycan_operator_v%C9%99_provayderl%C9%99rinin_siyah%C4%B1s%C4%B1
telecom-059,59,Goodnet,company,MMC,"Operator, internet provayderi",yes,yes,no,https://www.goodnet.az,az.wikipedia.org,https://az.wikipedia.org/wiki/Az%C9%99rbaycan_operator_v%C9%99_provayderl%C9%99rinin_siyah%C4%B1s%C4%B1
telecom-060,60,Rr Telecom,company,MMC,"Operator, internet provayderi",yes,yes,no,https://www.rrtelecom.az,az.wikipedia.org,https://az.wikipedia.org/wiki/Az%C9%99rbaycan_operator_v%C9%99_provayderl%C9%99rinin_siyah%C4%B1s%C4%B1
telecom-061,61,Quicknet,company,MMC,Operator,yes,no,no,https://www.quick-net.az,az.wikipedia.org,https://az.wikipedia.org/wiki/Az%C9%99rbaycan_operator_v%C9%99_provayderl%C9%99rinin_siyah%C4%B1s%C4%B1
telecom-062,62,Sky Net,company,MMC,"Operator, internet provayderi",yes,yes,no,,az.wikipedia.org,https://az.wikipedia.org/wiki/Az%C9%99rbaycan_operator_v%C9%99_provayderl%C9%99rinin_siyah%C4%B1s%C4%B1
telecom-063,63,Uni Communication Services,company,MMC,Operator,yes,no,no,https://www.azfiber.net,az.wikipedia.org,https://az.wikipedia.org/wiki/Az%C9%99rbaycan_operator_v%C9%99_provayderl%C9%99rinin_siyah%C4%B1s%C4%B1
telecom-064,64,Diginet,company,MMC,"Operator, internet provayderi",yes,yes,no,https://digigroup.az,az.wikipedia.org,https://az.wikipedia.org/wiki/Az%C9%99rbaycan_operator_v%C9%99_provayderl%C9%99rinin_siyah%C4%B1s%C4%B1
telecom-065,65,Artkom.net,company,MMC,"Operator, internet provayderi",yes,yes,no,https://www.artkom.az,az.wikipedia.org,https://az.wikipedia.org/wiki/Az%C9%99rbaycan_operator_v%C9%99_provayderl%C9%99rinin_siyah%C4%B1s%C4%B1
telecom-066,66,Aztechnet,company,MMC,"Operator, internet provayderi",yes,yes,no,https://www.aztechnet.az,az.wikipedia.org,https://az.wikipedia.org/wiki/Az%C9%99rbaycan_operator_v%C9%99_provayderl%C9%99rinin_siyah%C4%B1s%C4%B1
telecom-067,67,Kapital Telecom,company,MMC,Operator,yes,no,no,https://kapitaltelecom.az,az.wikipedia.org,https://az.wikipedia.org/wiki/Az%C9%99rbaycan_operator_v%C9%99_provayderl%C9%99rinin_siyah%C4%B1s%C4%B1
telecom-068,68,Start Telecom,company,MMC,"Operator, internet provayderi",yes,yes,no,https://www.starttelecom.az,az.wikipedia.org,https://az.wikipedia.org/wiki/Az%C9%99rbaycan_operator_v%C9%99_provayderl%C9%99rinin_siyah%C4%B1s%C4%B1
telecom-069,69,Fiberhome,company,MMC,"Operator, internet provayderi",yes,yes,no,,az.wikipedia.org,https://az.wikipedia.org/wiki/Az%C9%99rbaycan_operator_v%C9%99_provayderl%C9%99rinin_siyah%C4%B1s%C4%B1
telecom-070,70,Azeuronet,company,MMC,"Operator, internet provayderi",yes,yes,no,https://www.azeuronet.az,az.wikipedia.org,https://az.wikipedia.org/wiki/Az%C9%99rbaycan_operator_v%C9%99_provayderl%C9%99rinin_siyah%C4%B1s%C4%B1
telecom-071,71,Innet.az,company,MMC,"Operator, internet provayderi",yes,yes,no,https://www.azincom.az,az.wikipedia.org,https://az.wikipedia.org/wiki/Az%C9%99rbaycan_operator_v%C9%99_provayderl%C9%99rinin_siyah%C4%B1s%C4%B1
telecom-072,72,Vvorld Line,company,MMC,"Operator, internet provayderi",yes,yes,no,,az.wikipedia.org,https://az.wikipedia.org/wiki/Az%C9%99rbaycan_operator_v%C9%99_provayderl%C9%99rinin_siyah%C4%B1s%C4%B1
telecom-073,73,Lentel,company,MMC,"Operator, internet provayderi",yes,yes,no,https://www.lentel.az,az.wikipedia.org,https://az.wikipedia.org/wiki/Az%C9%99rbaycan_operator_v%C9%99_provayderl%C9%99rinin_siyah%C4%B1s%C4%B1
telecom-074,74,Azedunet,company,MMC,"Operator, internet provayderi",yes,yes,no,,az.wikipedia.org,https://az.wikipedia.org/wiki/Az%C9%99rbaycan_operator_v%C9%99_provayderl%C9%99rinin_siyah%C4%B1s%C4%B1
telecom-075,75,Azoptiknet,company,MMC,"Operator, internet provayderi",yes,yes,no,https://www.azoptiknet.az,az.wikipedia.org,https://az.wikipedia.org/wiki/Az%C9%99rbaycan_operator_v%C9%99_provayderl%C9%99rinin_siyah%C4%B1s%C4%B1
telecom-076,76,Flexnet,company,MMC,Operator,yes,no,no,https://www.flexnet.az,az.wikipedia.org,https://az.wikipedia.org/wiki/Az%C9%99rbaycan_operator_v%C9%99_provayderl%C9%99rinin_siyah%C4%B1s%C4%B1
telecom-077,77,Sevenline,company,MMC,"Operator, internet provayderi",yes,yes,no,https://www.sevenline.az,az.wikipedia.org,https://az.wikipedia.org/wiki/Az%C9%99rbaycan_operator_v%C9%99_provayderl%C9%99rinin_siyah%C4%B1s%C4%B1
telecom-078,78,Sevinc Telecom,company,MMC,"Operator, internet provayderi",yes,yes,no,,az.wikipedia.org,https://az.wikipedia.org/wiki/Az%C9%99rbaycan_operator_v%C9%99_provayderl%C9%99rinin_siyah%C4%B1s%C4%B1
telecom-079,79,Du Telecom,company,MMC,"Operator, internet provayderi",yes,yes,no,,az.wikipedia.org,https://az.wikipedia.org/wiki/Az%C9%99rbaycan_operator_v%C9%99_provayderl%C9%99rinin_siyah%C4%B1s%C4%B1
telecom-080,80,Go Telecom,company,MMC,"Operator, internet provayderi",yes,yes,no,https://gotelecom.az,az.wikipedia.org,https://az.wikipedia.org/wiki/Az%C9%99rbaycan_operator_v%C9%99_provayderl%C9%99rinin_siyah%C4%B1s%C4%B1
telecom-081,81,Linknet,company,MMC,"Operator, internet provayderi",yes,yes,no,https://www.linknet.az,az.wikipedia.org,https://az.wikipedia.org/wiki/Az%C9%99rbaycan_operator_v%C9%99_provayderl%C9%99rinin_siyah%C4%B1s%C4%B1
telecom-082,82,Telekom İnvest,company,MMC,"Operator, internet provayderi",yes,yes,no,https://www.telecominvest.az,az.wikipedia.org,https://az.wikipedia.org/wiki/Az%C9%99rbaycan_operator_v%C9%99_provayderl%C9%99rinin_siyah%C4%B1s%C4%B1
telecom-083,83,Gamma-Sky Net,company,MMC,"Operator, internet provayderi",yes,yes,no,https://www.gammaskynet.az,az.wikipedia.org,https://az.wikipedia.org/wiki/Az%C9%99rbaycan_operator_v%C9%99_provayderl%C9%99rinin_siyah%C4%B1s%C4%B1
telecom-084,84,Shakh Telecom,company,MMC,"Operator, internet provayderi",yes,yes,no,https://www.shakh.tv,az.wikipedia.org,https://az.wikipedia.org/wiki/Az%C9%99rbaycan_operator_v%C9%99_provayderl%C9%99rinin_siyah%C4%B1s%C4%B1
telecom-085,85,Fibernet,company,MMC,"Operator, internet provayderi",yes,yes,no,https://www.fiber.net.az,az.wikipedia.org,https://az.wikipedia.org/wiki/Az%C9%99rbaycan_operator_v%C9%99_provayderl%C9%99rinin_siyah%C4%B1s%C4%B1
telecom-086,86,Araz Tech,company,MMC,"Operator, internet provayderi",yes,yes,no,https://araz-net.az,az.wikipedia.org,https://az.wikipedia.org/wiki/Az%C9%99rbaycan_operator_v%C9%99_provayderl%C9%99rinin_siyah%C4%B1s%C4%B1
telecom-087,87,Real Telecom,company,MMC,Operator,yes,no,no,https://realtelecom.tv,az.wikipedia.org,https://az.wikipedia.org/wiki/Az%C9%99rbaycan_operator_v%C9%99_provayderl%C9%99rinin_siyah%C4%B1s%C4%B1
telecom-088,88,Azlink,company,MMC,"Operator, internet provayderi",yes,yes,no,https://www.azlink.com.az,az.wikipedia.org,https://az.wikipedia.org/wiki/Az%C9%99rbaycan_operator_v%C9%99_provayderl%C9%99rinin_siyah%C4%B1s%C4%B1
telecom-089,89,Rdsc,company,MMC,"Operator, internet provayderi",yes,yes,no,,az.wikipedia.org,https://az.wikipedia.org/wiki/Az%C9%99rbaycan_operator_v%C9%99_provayderl%C9%99rinin_siyah%C4%B1s%C4%B1
telecom-090,90,Butatelecom.az,company,MMC,"Operator, internet provayderi",yes,yes,no,https://www.butatelecom.az,az.wikipedia.org,https://az.wikipedia.org/wiki/Az%C9%99rbaycan_operator_v%C9%99_provayderl%C9%99rinin_siyah%C4%B1s%C4%B1
telecom-091,91,A2Z Technologies,company,QSC,"Operator, internet provayderi",yes,yes,no,https://www.az-net.az,az.wikipedia.org,https://az.wikipedia.org/wiki/Az%C9%99rbaycan_operator_v%C9%99_provayderl%C9%99rinin_siyah%C4%B1s%C4%B1
telecom-092,92,Portflix,company,MMC,Operator,yes,no,no,https://www.portflix.com,az.wikipedia.org,https://az.wikipedia.org/wiki/Az%C9%99rbaycan_operator_v%C9%99_provayderl%C9%99rinin_siyah%C4%B1s%C4%B1
telecom-093,93,Ultranet,company,MMC,"Operator, internet provayderi",yes,yes,no,https://www.ultranet.az,az.wikipedia.org,https://az.wikipedia.org/wiki/Az%C9%99rbaycan_operator_v%C9%99_provayderl%C9%99rinin_siyah%C4%B1s%C4%B1
telecom-094,94,Projects of Azerbaijan,company,MMC,Host provayderi,no,no,yes,https://www.npa.az,az.wikipedia.org,https://az.wikipedia.org/wiki/Az%C9%99rbaycan_operator_v%C9%99_provayderl%C9%99rinin_siyah%C4%B1s%C4%B1
telecom-095,95,Premiumnetaz,company,MMC,Operator,yes,no,no,,az.wikipedia.org,https://az.wikipedia.org/wiki/Az%C9%99rbaycan_operator_v%C9%99_provayderl%C9%99rinin_siyah%C4%B1s%C4%B1
telecom-096,96,Extranet,company,MMC,Operator,yes,no,no,https://extranet.az,az.wikipedia.org,https://az.wikipedia.org/wiki/Az%C9%99rbaycan_operator_v%C9%99_provayderl%C9%99rinin_siyah%C4%B1s%C4%B1
telecom-097,97,Naxtel,company,MMC,Operator,yes,no,no,https://www.naxtel.az,az.wikipedia.org,https://az.wikipedia.org/wiki/Az%C9%99rbaycan_operator_v%C9%99_provayderl%C9%99rinin_siyah%C4%B1s%C4%B1
telecom-098,98,Internet Service Provider,company,MMC,"Operator, internet provayderi",yes,yes,no,https://www.isp.net.az/az,az.wikipedia.org,https://az.wikipedia.org/wiki/Az%C9%99rbaycan_operator_v%C9%99_provayderl%C9%99rinin_siyah%C4%B1s%C4%B1
telecom-099,99,Bynet,company,MMC,"Operator, internet provayderi",yes,yes,no,,az.wikipedia.org,https://az.wikipedia.org/wiki/Az%C9%99rbaycan_operator_v%C9%99_provayderl%C9%99rinin_siyah%C4%B1s%C4%B1
telecom-100,100,Fast Net Technology,company,MMC,"Operator, internet provayderi",yes,yes,no,https://www.fnt.az,az.wikipedia.org,https://az.wikipedia.org/wiki/Az%C9%99rbaycan_operator_v%C9%99_provayderl%C9%99rinin_siyah%C4%B1s%C4%B1
telecom-101,101,Sline,company,MMC,"Operator, internet provayderi",yes,yes,no,https://www.sline.az,az.wikipedia.org,https://az.wikipedia.org/wiki/Az%C9%99rbaycan_operator_v%C9%99_provayderl%C9%99rinin_siyah%C4%B1s%C4%B1
telecom-102,102,Enginet,company,MMC,Operator,yes,no,no,https://enginet.az,az.wikipedia.org,https://az.wikipedia.org/wiki/Az%C9%99rbaycan_operator_v%C9%99_provayderl%C9%99rinin_siyah%C4%B1s%C4%B1
telecom-103,103,Gammanet,company,MMC,"Operator, internet provayderi",yes,yes,no,,az.wikipedia.org,https://az.wikipedia.org/wiki/Az%C9%99rbaycan_operator_v%C9%99_provayderl%C9%99rinin_siyah%C4%B1s%C4%B1
telecom-104,104,Clip Tv,company,MMC,"Operator, internet provayderi",yes,yes,no,https://www.cliptv.az,az.wikipedia.org,https://az.wikipedia.org/wiki/Az%C9%99rbaycan_operator_v%C9%99_provayderl%C9%99rinin_siyah%C4%B1s%C4%B1
telecom-105,105,Elfiber,company,MMC,Operator,yes,no,no,https://www.elfiber.az,az.wikipedia.org,https://az.wikipedia.org/wiki/Az%C9%99rbaycan_operator_v%C9%99_provayderl%C9%99rinin_siyah%C4%B1s%C4%B1
telecom-106,106,Fastlink,company,MMC,Operator,yes,no,no,https://fastlink.az,az.wikipedia.org,https://az.wikipedia.org/wiki/Az%C9%99rbaycan_operator_v%C9%99_provayderl%C9%99rinin_siyah%C4%B1s%C4%B1
telecom-107,107,İdealTvnet,company,MMC,"Operator, internet provayderi",yes,yes,no,https://www.idealnet.az,az.wikipedia.org,https://az.wikipedia.org/wiki/Az%C9%99rbaycan_operator_v%C9%99_provayderl%C9%99rinin_siyah%C4%B1s%C4%B1
telecom-108,108,Bline,company,MMC,Operator,yes,no,no,https://www.bline.az,az.wikipedia.org,https://az.wikipedia.org/wiki/Az%C9%99rbaycan_operator_v%C9%99_provayderl%C9%99rinin_siyah%C4%B1s%C4%B1
telecom-109,109,Azmeqanet,company,MMC,"Operator, internet provayderi",yes,yes,no,,az.wikipedia.org,https://az.wikipedia.org/wiki/Az%C9%99rbaycan_operator_v%C9%99_provayderl%C9%99rinin_siyah%C4%B1s%C4%B1
telecom-110,110,Azintex.com,company,MMC,"Operator, internet provayderi",yes,yes,no,,az.wikipedia.org,https://az.wikipedia.org/wiki/Az%C9%99rbaycan_operator_v%C9%99_provayderl%C9%99rinin_siyah%C4%B1s%C4%B1
telecom-111,111,Redlink,company,MMC,Operator,yes,no,no,,az.wikipedia.org,https://az.wikipedia.org/wiki/Az%C9%99rbaycan_operator_v%C9%99_provayderl%C9%99rinin_siyah%C4%B1s%C4%B1
telecom-112,112,Bronet,company,MMC,Operator,yes,no,no,,az.wikipedia.org,https://az.wikipedia.org/wiki/Az%C9%99rbaycan_operator_v%C9%99_provayderl%C9%99rinin_siyah%C4%B1s%C4%B1
telecom-113,113,Go Line,company,MMC,Operator,yes,no,no,,az.wikipedia.org,https://az.wikipedia.org/wiki/Az%C9%99rbaycan_operator_v%C9%99_provayderl%C9%99rinin_siyah%C4%B1s%C4%B1
telecom-114,114,Port Castle,company,MMC,"Operator, internet provayderi",yes,yes,no,https://www.bluetv.az,az.wikipedia.org,https://az.wikipedia.org/wiki/Az%C9%99rbaycan_operator_v%C9%99_provayderl%C9%99rinin_siyah%C4%B1s%C4%B1
telecom-115,115,Crucel,company,MMC,Operator,yes,no,no,https://www.crucel.net,az.wikipedia.org,https://az.wikipedia.org/wiki/Az%C9%99rbaycan_operator_v%C9%99_provayderl%C9%99rinin_siyah%C4%B1s%C4%B1
telecom-116,116,Adanet,company,MMC,"Operator, internet provayderi",yes,yes,no,,az.wikipedia.org,https://az.wikipedia.org/wiki/Az%C9%99rbaycan_operator_v%C9%99_provayderl%C9%99rinin_siyah%C4%B1s%C4%B1
telecom-117,117,Türk Telecom,company,MMC,"Operator, internet provayderi",yes,yes,no,https://www.aznetwork.net,az.wikipedia.org,https://az.wikipedia.org/wiki/Az%C9%99rbaycan_operator_v%C9%99_provayderl%C9%99rinin_siyah%C4%B1s%C4%B1
telecom-118,118,Fiberon,company,MMC,Operator,yes,no,no,,az.wikipedia.org,https://az.wikipedia.org/wiki/Az%C9%99rbaycan_operator_v%C9%99_provayderl%C9%99rinin_siyah%C4%B1s%C4%B1
telecom-119,119,Sazline,company,MMC,Operator,yes,no,no,https://www.sazline.az,az.wikipedia.org,https://az.wikipedia.org/wiki/Az%C9%99rbaycan_operator_v%C9%99_provayderl%C9%99rinin_siyah%C4%B1s%C4%B1
telecom-120,120,Tvnet Telekom,company,MMC,"Operator, internet provayderi",yes,yes,no,https://www.tvnet.az,az.wikipedia.org,https://az.wikipedia.org/wiki/Az%C9%99rbaycan_operator_v%C9%99_provayderl%C9%99rinin_siyah%C4%B1s%C4%B1
telecom-121,121,Yer Xsp,company,MMC,Host provayderi,no,no,yes,https://www.yer.az,az.wikipedia.org,https://az.wikipedia.org/wiki/Az%C9%99rbaycan_operator_v%C9%99_provayderl%C9%99rinin_siyah%C4%B1s%C4%B1
telecom-122,122,Az. Starnet,company,MMC,"Operator, internet provayderi, host provayderi",yes,yes,yes,https://www.azstarnet.az,az.wikipedia.org,https://az.wikipedia.org/wiki/Az%C9%99rbaycan_operator_v%C9%99_provayderl%C9%99rinin_siyah%C4%B1s%C4%B1
telecom-123,123,Metronet,company,MMC,"Operator, internet provayderi, host provayderi",yes,yes,yes,https://www.metronet.az,az.wikipedia.org,https://az.wikipedia.org/wiki/Az%C9%99rbaycan_operator_v%C9%99_provayderl%C9%99rinin_siyah%C4%B1s%C4%B1
telecom-124,124,Alfa Telekom,company,MMC,"Operator, internet provayderi",yes,yes,no,https://www.alfatelecom.az,az.wikipedia.org,https://az.wikipedia.org/wiki/Az%C9%99rbaycan_operator_v%C9%99_provayderl%C9%99rinin_siyah%C4%B1s%C4%B1
telecom-125,125,Aze-Net,company,MMC,Host provayderi,no,no,yes,https://www.aze-net.com,az.wikipedia.org,https://az.wikipedia.org/wiki/Az%C9%99rbaycan_operator_v%C9%99_provayderl%C9%99rinin_siyah%C4%B1s%C4%B1
telecom-126,126,Azerlink,company,MMC,"Operator, internet provayderi",yes,yes,no,https://www.azerlink.az,az.wikipedia.org,https://az.wikipedia.org/wiki/Az%C9%99rbaycan_operator_v%C9%99_provayderl%C9%99rinin_siyah%C4%B1s%C4%B1
telecom-127,127,Paşa Technology,company,MMC,Host provayderi,no,no,yes,https://www.pasha-technology.com,az.wikipedia.org,https://az.wikipedia.org/wiki/Az%C9%99rbaycan_operator_v%C9%99_provayderl%C9%99rinin_siyah%C4%B1s%C4%B1
telecom-128,128,Nit,company,MMC,Operator,yes,no,no,,az.wikipedia.org,https://az.wikipedia.org/wiki/Az%C9%99rbaycan_operator_v%C9%99_provayderl%C9%99rinin_siyah%C4%B1s%C4%B1
telecom-129,129,İmaj,company,MMC,Host provayderi,no,no,yes,https://www.imaj.com.az,az.wikipedia.org,https://az.wikipedia.org/wiki/Az%C9%99rbaycan_operator_v%C9%99_provayderl%C9%99rinin_siyah%C4%B1s%C4%B1
telecom-130,130,Azərbaycan Respublikasının Kosmik Agentliyi (Azərkosmos),company,PHŞ,İnternet provayderi,no,no,no,https://www.azercosmos.az,az.wikipedia.org,https://az.wikipedia.org/wiki/Az%C9%99rbaycan_operator_v%C9%99_provayderl%C9%99rinin_siyah%C4%B1s%C4%B1
telecom-131,131,Proksi Fiber,company,MMC,İnternet provayderi,no,no,no,https://www.proksi.az,az.wikipedia.org,https://az.wikipedia.org/wiki/Az%C9%99rbaycan_operator_v%C9%99_provayderl%C9%99rinin_siyah%C4%B1s%C4%B1
telecom-132,132,Vision Telecom,company,MMC,İnternet provayderi,no,no,no,,az.wikipedia.org,https://az.wikipedia.org/wiki/Az%C9%99rbaycan_operator_v%C9%99_provayderl%C9%99rinin_siyah%C4%B1s%C4%B1
telecom-133,133,Vorldtech Ltd,company,MMC,Operator,yes,no,no,https://www.vorldtech.info,az.wikipedia.org,https://az.wikipedia.org/wiki/Az%C9%99rbaycan_operator_v%C9%99_provayderl%C9%99rinin_siyah%C4%B1s%C4%B1
telecom-134,134,Hostart,company,MMC,Host provayderi,no,no,yes,https://www.hostart.az,az.wikipedia.org,https://az.wikipedia.org/wiki/Az%C9%99rbaycan_operator_v%C9%99_provayderl%C9%99rinin_siyah%C4%B1s%C4%B1
telecom-135,135,Azərikom-Ko Ltd,company,MMC,"Operator, internet provayderi",yes,yes,no,https://www.omniya.az,az.wikipedia.org,https://az.wikipedia.org/wiki/Az%C9%99rbaycan_operator_v%C9%99_provayderl%C9%99rinin_siyah%C4%B1s%C4%B1
telecom-136,136,Fizza İnternet,company,MMC,"Operator, internet provayderi",yes,yes,no,,az.wikipedia.org,https://az.wikipedia.org/wiki/Az%C9%99rbaycan_operator_v%C9%99_provayderl%C9%99rinin_siyah%C4%B1s%C4%B1
telecom-137,137,Homenet,company,MMC,İnternet provayderi,no,no,no,,az.wikipedia.org,https://az.wikipedia.org/wiki/Az%C9%99rbaycan_operator_v%C9%99_provayderl%C9%99rinin_siyah%C4%B1s%C4%B1
telecom-138,138,Mobicom,company,MMC,İnternet provayderi,no,no,no,https://www.mobicom.az,az.wikipedia.org,https://az.wikipedia.org/wiki/Az%C9%99rbaycan_operator_v%C9%99_provayderl%C9%99rinin_siyah%C4%B1s%C4%B1
telecom-139,139,Netim Telekom,company,MMC,"Operator, internet provayderi",yes,yes,no,,az.wikipedia.org,https://az.wikipedia.org/wiki/Az%C9%99rbaycan_operator_v%C9%99_provayderl%C9%99rinin_siyah%C4%B1s%C4%B1
telecom-140,140,Aznetvork,company,MMC,"Operator, internet provayderi",yes,yes,no,,az.wikipedia.org,https://az.wikipedia.org/wiki/Az%C9%99rbaycan_operator_v%C9%99_provayderl%C9%99rinin_siyah%C4%B1s%C4%B1
telecom-141,141,Aziko Group,company,MMC,"Operator, internet provayderi",yes,yes,no,,az.wikipedia.org,https://az.wikipedia.org/wiki/Az%C9%99rbaycan_operator_v%C9%99_provayderl%C9%99rinin_siyah%C4%B1s%C4%B1
telecom-142,142,Eynulla Səmədov Azər Oğlu,individual,,"Operator, internet provayderi",yes,yes,no,,az.wikipedia.org,https://az.wikipedia.org/wiki/Az%C9%99rbaycan_operator_v%C9%99_provayderl%C9%99rinin_siyah%C4%B1s%C4%B1
telecom-143,143,Niant,company,MMC,"Operator, internet provayderi",yes,yes,no,,az.wikipedia.org,https://az.wikipedia.org/wiki/Az%C9%99rbaycan_operator_v%C9%99_provayderl%C9%99rinin_siyah%C4%B1s%C4%B1
telecom-144,144,Ubnet,company,MMC,İnternet provayderi,no,no,no,https://www.optik.az,az.wikipedia.org,https://az.wikipedia.org/wiki/Az%C9%99rbaycan_operator_v%C9%99_provayderl%C9%99rinin_siyah%C4%B1s%C4%B1
telecom-145,145,Soltech,company,MMC,"Operator, internet provayderi",yes,yes,no,,az.wikipedia.org,https://az.wikipedia.org/wiki/Az%C9%99rbaycan_operator_v%C9%99_provayderl%C9%99rinin_siyah%C4%B1s%C4%B1
telecom-146,146,Veiv Company,company,MMC,İnternet provayderi,no,no,no,,az.wikipedia.org,https://az.wikipedia.org/wiki/Az%C9%99rbaycan_operator_v%C9%99_provayderl%C9%99rinin_siyah%C4%B1s%C4%B1
telecom-147,147,NET-EKSPRESS,company,MMC,"Operator, internet provayder",yes,yes,no,,az.wikipedia.org,https://az.wikipedia.org/wiki/Az%C9%99rbaycan_operator_v%C9%99_provayderl%C9%99rinin_siyah%C4%B1s%C4%B1
telecom-148,148,AILƏMNET,company,MMC,"Operator, internet provayder",yes,yes,no,https://ailemnet.az,az.wikipedia.org,https://az.wikipedia.org/wiki/Az%C9%99rbaycan_operator_v%C9%99_provayderl%C9%99rinin_siyah%C4%B1s%C4%B1
telecom-149,149,SHEF GROUP,company,MMC,"Operator, internet provayder",yes,yes,no,https://shef.az,az.wikipedia.org,https://az.wikipedia.org/wiki/Az%C9%99rbaycan_operator_v%C9%99_provayderl%C9%99rinin_siyah%C4%B1s%C4%B1
telecom-150,150,MAXINET,company,MMC,"Operator, internet provayder",yes,yes,no,https://maxinet.az,az.wikipedia.org,https://az.wikipedia.org/wiki/Az%C9%99rbaycan_operator_v%C9%99_provayderl%C9%99rinin_siyah%C4%B1s%C4%B1
telecom-151,151,TELE5,company,MMC,Operator,yes,no,no,,az.wikipedia.org,https://az.wikipedia.org/wiki/Az%C9%99rbaycan_operator_v%C9%99_provayderl%C9%99rinin_siyah%C4%B1s%C4%B1
telecom-152,152,GİGABİT TELECOM,company,MMC,"Operator, internet provayder",yes,yes,no,https://gigabit.az,az.wikipedia.org,https://az.wikipedia.org/wiki/Az%C9%99rbaycan_operator_v%C9%99_provayderl%C9%99rinin_siyah%C4%B1s%C4%B1
telecom-153,153,AZİNTELNET,company,MMC,"Operator, internet provayder",yes,yes,no,https://azintelnet.az,az.wikipedia.org,https://az.wikipedia.org/wiki/Az%C9%99rbaycan_operator_v%C9%99_provayderl%C9%99rinin_siyah%C4%B1s%C4%B1
telecom-154,154,ROBONET,company,MMC,"Operator, internet provayder",yes,yes,no,https://robonet.az,az.wikipedia.org,https://az.wikipedia.org/wiki/Az%C9%99rbaycan_operator_v%C9%99_provayderl%C9%99rinin_siyah%C4%B1s%C4%B1
telecom-155,155,SETNET,company,MMC,"Operator, internet provayder",yes,yes,no,https://selnet.az,az.wikipedia.org,https://az.wikipedia.org/wiki/Az%C9%99rbaycan_operator_v%C9%99_provayderl%C9%99rinin_siyah%C4%B1s%C4%B1
telecom-156,156,SMART OFFICE,company,MMC,"Operator, internet provayder",yes,yes,no,,az.wikipedia.org,https://az.wikipedia.org/wiki/Az%C9%99rbaycan_operator_v%C9%99_provayderl%C9%99rinin_siyah%C4%B1s%C4%B1
telecom-157,157,Naxçıvan MR İnternet və Yeni Texnologiyaların Tədrisi Mərkəzi,organization,,"Operator, internet provayder, host provayder",yes,yes,yes,https://nmincom.gov.az,az.wikipedia.org,https://az.wikipedia.org/wiki/Az%C9%99rbaycan_operator_v%C9%99_provayderl%C9%99rinin_siyah%C4%B1s%C4%B1
telecom-158,158,AZNET TECHNOLOGIES,company,QSC,"Operator, internet provayder",yes,yes,no,https://az-net.az,az.wikipedia.org,https://az.wikipedia.org/wiki/Az%C9%99rbaycan_operator_v%C9%99_provayderl%C9%99rinin_siyah%C4%B1s%C4%B1
telecom-159,159,ALNET,company,MMC,"Operator, internet provayder",yes,yes,no,https://alnets.az,az.wikipedia.org,https://az.wikipedia.org/wiki/Az%C9%99rbaycan_operator_v%C9%99_provayderl%C9%99rinin_siyah%C4%B1s%C4%B1
telecom-160,160,PROFIB,company,MMC,"Operator, internet provayder",yes,yes,no,https://proksi.az,az.wikipedia.org,https://az.wikipedia.org/wiki/Az%C9%99rbaycan_operator_v%C9%99_provayderl%C9%99rinin_siyah%C4%B1s%C4%B1
telecom-161,161,VOLT İNTERNET,company,MMC,Operator,yes,no,no,https://voltnet.az,az.wikipedia.org,https://az.wikipedia.org/wiki/Az%C9%99rbaycan_operator_v%C9%99_provayderl%C9%99rinin_siyah%C4%B1s%C4%B1
telecom-162,162,SFERA NET,company,MMC,Operator,yes,no,no,https://sferanet.az,az.wikipedia.org,https://az.wikipedia.org/wiki/Az%C9%99rbaycan_operator_v%C9%99_provayderl%C9%99rinin_siyah%C4%B1s%C4%B1
telecom-163,163,CASPIAN IT SERVICES,company,MMC,"Operator, internet provayder",yes,yes,no,https://caspiansat.com,az.wikipedia.org,https://az.wikipedia.org/wiki/Az%C9%99rbaycan_operator_v%C9%99_provayderl%C9%99rinin_siyah%C4%B1s%C4%B1
telecom-164,164,NETAIR,company,MMC,İnternet provayder,no,no,no,https://netair.az,az.wikipedia.org,https://az.wikipedia.org/wiki/Az%C9%99rbaycan_operator_v%C9%99_provayderl%C9%99rinin_siyah%C4%B1s%C4%B1
telecom-165,165,UMIDNET,company,MMC,"Operator, internet provayder",yes,yes,no,https://umidnet.az,az.wikipedia.org,https://az.wikipedia.org/wiki/Az%C9%99rbaycan_operator_v%C9%99_provayderl%C9%99rinin_siyah%C4%B1s%C4%B1
telecom-166,166,ARAZNET TECHNOLOGIES,company,MMC,"Operator, internet provayder",yes,yes,no,https://araz-net.az,az.wikipedia.org,https://az.wikipedia.org/wiki/Az%C9%99rbaycan_operator_v%C9%99_provayderl%C9%99rinin_siyah%C4%B1s%C4%B1
telecom-167,167,AZETEL,company,MMC,"Operator, internet provayder, host provayder",yes,yes,yes,https://azetel.com,az.wikipedia.org,https://az.wikipedia.org/wiki/Az%C9%99rbaycan_operator_v%C9%99_provayderl%C9%99rinin_siyah%C4%B1s%C4%B1
telecom-168,168,AZERBAIJAN NETWORK SOLUTIONS,company,MMC,"Operator, internet provayder",yes,yes,no,https://ans.az,az.wikipedia.org,https://az.wikipedia.org/wiki/Az%C9%99rbaycan_operator_v%C9%99_provayderl%C9%99rinin_siyah%C4%B1s%C4%B1
telecom-169,169,Telman Quliyev Tahir oğlu,individual,,Operator,yes,no,no,,az.wikipedia.org,https://az.wikipedia.org/wiki/Az%C9%99rbaycan_operator_v%C9%99_provayderl%C9%99rinin_siyah%C4%B1s%C4%B1
telecom-170,170,BRAVO TECHNOLOGIES,company,MMC,"Operator, internet provayder",yes,yes,no,https://bravotech.az,az.wikipedia.org,https://az.wikipedia.org/wiki/Az%C9%99rbaycan_operator_v%C9%99_provayderl%C9%99rinin_siyah%C4%B1s%C4%B1
telecom-171,171,FIBERONLINE,company,MMC,"Operator, internet provayder",yes,yes,no,https://fiberonline.az,az.wikipedia.org,https://az.wikipedia.org/wiki/Az%C9%99rbaycan_operator_v%C9%99_provayderl%C9%99rinin_siyah%C4%B1s%C4%B1
telecom-172,172,LINE SERVICES,company,MMC,Host provayder,no,no,yes,https://lineservices.az,az.wikipedia.org,https://az.wikipedia.org/wiki/Az%C9%99rbaycan_operator_v%C9%99_provayderl%C9%99rinin_siyah%C4%B1s%C4%B1
telecom-173,173,GALAXYNET,company,MMC,"Operator, internet provayder",yes,yes,no,https://galaxynet.az,az.wikipedia.org,https://az.wikipedia.org/wiki/Az%C9%99rbaycan_operator_v%C9%99_provayderl%C9%99rinin_siyah%C4%B1s%C4%B1
telecom-174,174,ABONNET,company,MMC,"Operator, internet provayder",yes,yes,no,https://proksi.az,az.wikipedia.org,https://az.wikipedia.org/wiki/Az%C9%99rbaycan_operator_v%C9%99_provayderl%C9%99rinin_siyah%C4%B1s%C4%B1
telecom-175,175,AZTÜRK TELECOM,company,MMC,"Operator, internet provayder",yes,yes,no,https://azturk.net,az.wikipedia.org,https://az.wikipedia.org/wiki/Az%C9%99rbaycan_operator_v%C9%99_provayderl%C9%99rinin_siyah%C4%B1s%C4%B1
telecom-176,176,BACKBONE TECHNOLOGY,company,MMC,"Operator, internet provayder",yes,yes,no,https://backbone.az,az.wikipedia.org,https://az.wikipedia.org/wiki/Az%C9%99rbaycan_operator_v%C9%99_provayderl%C9%99rinin_siyah%C4%B1s%C4%B1
telecom-177,177,STARLINK AZERBAIJAN,company,MMC,"Operator, internet provayder",yes,yes,no,,az.wikipedia.org,https://az.wikipedia.org/wiki/Az%C9%99rbaycan_operator_v%C9%99_provayderl%C9%99rinin_siyah%C4%B1s%C4%B1
telecom-178,178,AZLINE TELECOM,company,MMC,"Operator, internet provayder",yes,yes,no,,az.wikipedia.org,https://az.wikipedia.org/wiki/Az%C9%99rbaycan_operator_v%C9%99_provayderl%C9%99rinin_siyah%C4%B1s%C4%B1
telecom-179,179,IMPULSE,company,MMC,Operator,yes,no,no,https://impulse.az,az.wikipedia.org,https://az.wikipedia.org/wiki/Az%C9%99rbaycan_operator_v%C9%99_provayderl%C9%99rinin_siyah%C4%B1s%C4%B1
telecom-180,180,AZERLINK TECHNOLOGIES,company,MMC,Operator,yes,no,no,https://azerlink-tech.az,az.wikipedia.org,https://az.wikipedia.org/wiki/Az%C9%99rbaycan_operator_v%C9%99_provayderl%C9%99rinin_siyah%C4%B1s%C4%B1
telecom-181,181,XANNET,company,MMC,Operator,yes,no,no,https://backend.az,az.wikipedia.org,https://az.wikipedia.org/wiki/Az%C9%99rbaycan_operator_v%C9%99_provayderl%C9%99rinin_siyah%C4%B1s%C4%B1
telecom-182,182,Elvin Şiriyev Rasim oğlu,individual,,Host provayder,no,no,yes,https://www.denizhost.az,az.wikipedia.org,https://az.wikipedia.org/wiki/Az%C9%99rbaycan_operator_v%C9%99_provayderl%C9%99rinin_siyah%C4%B1s%C4%B1
telecom-183,183,EPRO.IO,company,MMC,Host provayder,no,no,yes,https://epro.io,az.wikipedia.org,https://az.wikipedia.org/wiki/Az%C9%99rbaycan_operator_v%C9%99_provayderl%C9%99rinin_siyah%C4%B1s%C4%B1
telecom-184,184,INET,company,MMC,"Operator, internet provayder",yes,yes,no,https://i-net.az,az.wikipedia.org,https://az.wikipedia.org/wiki/Az%C9%99rbaycan_operator_v%C9%99_provayderl%C9%99rinin_siyah%C4%B1s%C4%B1
telecom-185,185,MACRONET,company,MMC,"Operator, internet provayder",yes,yes,no,https://macronet.az,az.wikipedia.org,https://az.wikipedia.org/wiki/Az%C9%99rbaycan_operator_v%C9%99_provayderl%C9%99rinin_siyah%C4%B1s%C4%B1
telecom-186,186,QTECH,company,MMC,İnternet provayder,no,no,no,https://qtech.az,az.wikipedia.org,https://az.wikipedia.org/wiki/Az%C9%99rbaycan_operator_v%C9%99_provayderl%C9%99rinin_siyah%C4%B1s%C4%B1
telecom-187,187,TELE1,company,MMC,"Operator, internet provayder",yes,yes,no,https://tele1.az,az.wikipedia.org,https://az.wikipedia.org/wiki/Az%C9%99rbaycan_operator_v%C9%99_provayderl%C9%99rinin_siyah%C4%B1s%C4%B1
